,label,area,intensity_mean,intensity_max,intensity_min,base_name
0,1,2710.0,802.3774907749078,1303.0,421.0,1217_HS_009
0,1,2948.0,755.6896200814111,1204.0,399.0,1217_HS_011
0,1,2230.0,846.954260089686,1279.0,426.0,1217_HS_016
0,1,2906.0,776.0092911218169,1237.0,393.0,1217_HS_018
0,1,2771.0,704.0270660411404,1054.0,373.0,1217_HS_001
0,2,1664.0,473.2097355769231,773.0,285.0,1217_HS_008
1,6,1236.0,506.5323624595469,777.0,275.0,1217_HS_008
0,2,2055.0,773.8141119221411,1270.0,402.0,1217_HS_017
0,1,1937.0,641.7620030975736,967.0,358.0,1217_HS_010
0,1,1308.0,651.8960244648318,971.0,387.0,1217_HS_013
1,2,1131.0,755.5853227232537,1184.0,376.0,1217_HS_013
0,1,2799.0,675.057520543051,1030.0,371.0,1217_HS_005
0,1,1458.0,715.5096021947874,1179.0,395.0,1217_HS_002
0,1,1870.0,564.7625668449198,901.0,318.0,1217_HS_015
0,1,2863.0,677.8225637443242,1199.0,373.0,1217_HS_012
0,1,1801.0,687.3148250971683,1098.0,347.0,1217_HS_004
0,6777,311.0,177.04501607717043,240.0,151.0,1218_nHS_010
1,6855,2522.0,180.53885804916732,300.0,143.0,1218_nHS_010
2,6927,233.0,181.30042918454936,243.0,150.0,1218_nHS_010
3,7336,103.0,167.3106796116505,187.0,151.0,1218_nHS_010
4,8008,366.0,178.3087431693989,237.0,150.0,1218_nHS_010
5,8301,191.0,169.04712041884818,202.0,150.0,1218_nHS_010
6,8451,167.0,167.07784431137725,185.0,150.0,1218_nHS_010
7,9054,288.0,167.44097222222223,191.0,151.0,1218_nHS_010
8,9157,107.0,168.7663551401869,199.0,156.0,1218_nHS_010
9,10562,143.0,168.33566433566435,193.0,150.0,1218_nHS_010
10,12252,102.0,168.07843137254903,190.0,155.0,1218_nHS_010
11,12293,109.0,168.0183486238532,210.0,151.0,1218_nHS_010
12,12486,129.0,166.96124031007753,185.0,149.0,1218_nHS_010
13,12995,126.0,167.78571428571428,193.0,152.0,1218_nHS_010
14,13258,110.0,168.06363636363636,194.0,154.0,1218_nHS_010
0,1,1358.0,617.7223858615611,911.0,340.0,1218_nHS_006
0,1,2393.0,517.1984956122022,796.0,294.0,1218_nHS_001
0,1,1512.0,689.6488095238095,1128.0,375.0,1218_nHS_008
0,1,1688.0,486.69668246445497,783.0,276.0,1218_nHS_011
0,1,1317.0,591.4092634776006,891.0,321.0,1218_nHS_009
0,1,1679.0,440.9803454437165,702.0,256.0,1218_nHS_007
0,1,1443.0,531.3264033264034,797.0,294.0,1218_nHS_004
0,15,146.0,154.8013698630137,177.0,138.0,1218_nHS_003
1,24,134.0,153.58955223880596,175.0,140.0,1218_nHS_003
2,188,433.0,153.39953810623555,209.0,138.0,1218_nHS_003
3,426,108.0,153.2962962962963,169.0,138.0,1218_nHS_003
4,436,185.0,153.02162162162162,177.0,134.0,1218_nHS_003
5,995,138.0,153.02898550724638,169.0,138.0,1218_nHS_003
6,1457,428.0,153.36214953271028,176.0,136.0,1218_nHS_003
7,1459,102.0,152.73529411764707,167.0,138.0,1218_nHS_003
8,2142,105.0,153.77142857142857,189.0,138.0,1218_nHS_003
9,2209,175.0,153.22285714285715,174.0,137.0,1218_nHS_003
10,2495,100.0,153.34,171.0,140.0,1218_nHS_003
11,2502,170.0,153.2,172.0,138.0,1218_nHS_003
12,2504,118.0,153.5084745762712,179.0,138.0,1218_nHS_003
13,3295,2607.0,159.11891062523975,201.0,136.0,1218_nHS_003
14,3986,272.0,153.35294117647058,178.0,136.0,1218_nHS_003
15,4068,228.0,152.52631578947367,179.0,134.0,1218_nHS_003
16,4352,165.0,153.07272727272726,178.0,138.0,1218_nHS_003
17,5155,133.0,153.52631578947367,174.0,139.0,1218_nHS_003
18,5346,104.0,153.3653846153846,206.0,140.0,1218_nHS_003
19,5797,231.0,153.3939393939394,188.0,136.0,1218_nHS_003
20,6095,203.0,152.7832512315271,177.0,138.0,1218_nHS_003
21,6660,138.0,152.7536231884058,178.0,136.0,1218_nHS_003
22,6856,102.0,153.11764705882354,175.0,140.0,1218_nHS_003
23,7271,129.0,153.62790697674419,175.0,138.0,1218_nHS_003
24,7754,351.0,153.51566951566952,179.0,137.0,1218_nHS_003
25,8356,162.0,154.57407407407408,188.0,139.0,1218_nHS_003
26,8951,412.0,153.60922330097088,179.0,129.0,1218_nHS_003
27,10029,100.0,153.54,178.0,139.0,1218_nHS_003
28,11823,105.0,153.05714285714285,181.0,137.0,1218_nHS_003
29,12271,330.0,153.22424242424242,182.0,134.0,1218_nHS_003
30,12837,108.0,153.24074074074073,190.0,135.0,1218_nHS_003
31,13554,126.0,153.6904761904762,191.0,140.0,1218_nHS_003
32,15864,1261.0,154.13164155432196,191.0,136.0,1218_nHS_003
33,16353,275.0,153.6690909090909,193.0,135.0,1218_nHS_003
34,16465,647.0,153.5904173106646,195.0,138.0,1218_nHS_003
35,16471,106.0,152.72641509433961,173.0,137.0,1218_nHS_003
36,17343,189.0,154.0899470899471,173.0,138.0,1218_nHS_003
37,17624,158.0,153.58227848101265,201.0,136.0,1218_nHS_003
38,18756,241.0,153.4232365145228,176.0,127.0,1218_nHS_003
39,18901,113.0,153.18584070796462,168.0,137.0,1218_nHS_003
40,19245,564.0,153.65425531914894,190.0,139.0,1218_nHS_003
41,19448,240.0,153.50416666666666,178.0,136.0,1218_nHS_003
42,19506,159.0,153.62893081761007,171.0,131.0,1218_nHS_003
43,19890,118.0,153.23728813559322,178.0,138.0,1218_nHS_003
44,20645,130.0,155.15384615384616,178.0,139.0,1218_nHS_003
45,20782,329.0,154.24620060790272,202.0,140.0,1218_nHS_003
46,21111,135.0,153.2,174.0,140.0,1218_nHS_003
47,21750,174.0,153.38505747126436,175.0,142.0,1218_nHS_003
48,21969,228.0,153.1578947368421,181.0,134.0,1218_nHS_003
49,21973,135.0,153.45925925925926,166.0,140.0,1218_nHS_003
50,22068,138.0,154.04347826086956,186.0,140.0,1218_nHS_003
51,22105,428.0,153.3271028037383,196.0,134.0,1218_nHS_003
52,22223,104.0,153.22115384615384,175.0,134.0,1218_nHS_003
53,22262,842.0,153.70783847980996,187.0,134.0,1218_nHS_003
54,22339,134.0,152.76865671641792,172.0,137.0,1218_nHS_003
55,23337,209.0,153.35885167464116,178.0,138.0,1218_nHS_003
56,24499,206.0,153.24271844660194,191.0,138.0,1218_nHS_003
57,25150,112.0,153.44642857142858,178.0,138.0,1218_nHS_003
58,26609,187.0,153.4331550802139,193.0,129.0,1218_nHS_003
59,27244,175.0,152.84571428571428,185.0,138.0,1218_nHS_003
60,27374,227.0,152.92070484581498,176.0,138.0,1218_nHS_003
61,27561,131.0,152.94656488549617,172.0,141.0,1218_nHS_003
62,28124,141.0,154.11347517730496,187.0,139.0,1218_nHS_003
63,28972,386.0,153.3678756476684,184.0,134.0,1218_nHS_003
64,29233,247.0,153.33198380566802,185.0,137.0,1218_nHS_003
65,30298,122.0,152.7377049180328,167.0,135.0,1218_nHS_003
66,30754,101.0,154.12871287128712,186.0,139.0,1218_nHS_003
67,32506,206.0,153.4757281553398,175.0,138.0,1218_nHS_003
68,34677,170.0,153.37058823529412,183.0,139.0,1218_nHS_003
69,34725,191.0,153.4607329842932,189.0,138.0,1218_nHS_003
70,36047,136.0,153.23529411764707,171.0,136.0,1218_nHS_003
71,36095,154.0,154.0,204.0,138.0,1218_nHS_003
72,36734,236.0,153.14406779661016,186.0,138.0,1218_nHS_003
73,36880,325.0,153.35076923076923,187.0,135.0,1218_nHS_003
74,38122,333.0,153.75675675675674,185.0,138.0,1218_nHS_003
75,38448,111.0,153.59459459459458,170.0,137.0,1218_nHS_003
76,39640,180.0,153.61666666666667,170.0,136.0,1218_nHS_003
77,40690,111.0,153.14414414414415,193.0,138.0,1218_nHS_003
78,40949,114.0,153.16666666666666,177.0,140.0,1218_nHS_003
79,41602,203.0,153.17241379310346,174.0,135.0,1218_nHS_003
80,41605,102.0,154.1078431372549,172.0,134.0,1218_nHS_003
81,42424,149.0,153.248322147651,174.0,138.0,1218_nHS_003
82,44225,102.0,154.66666666666666,183.0,140.0,1218_nHS_003
83,44351,101.0,152.95049504950495,171.0,140.0,1218_nHS_003
84,44973,121.0,153.23140495867767,171.0,141.0,1218_nHS_003
85,45079,111.0,153.66666666666666,186.0,134.0,1218_nHS_003
86,45489,126.0,152.96825396825398,169.0,139.0,1218_nHS_003
87,45736,193.0,153.5440414507772,181.0,139.0,1218_nHS_003
88,46082,307.0,153.27361563517914,174.0,134.0,1218_nHS_003
89,46738,375.0,153.56,181.0,134.0,1218_nHS_003
90,46838,100.0,153.99,187.0,138.0,1218_nHS_003
91,47114,195.0,153.2051282051282,168.0,140.0,1218_nHS_003
92,47567,161.0,152.9503105590062,178.0,141.0,1218_nHS_003
93,49406,430.0,153.12558139534883,182.0,134.0,1218_nHS_003
94,55355,148.0,154.92567567567568,202.0,137.0,1218_nHS_003
95,57174,146.0,153.15068493150685,196.0,137.0,1218_nHS_003
96,58566,532.0,153.96616541353384,208.0,137.0,1218_nHS_003
97,62634,101.0,154.21782178217822,183.0,142.0,1218_nHS_003
98,65877,105.0,154.6952380952381,187.0,140.0,1218_nHS_003
99,66086,193.0,153.7357512953368,176.0,136.0,1218_nHS_003
100,71288,171.0,153.77777777777777,197.0,138.0,1218_nHS_003
101,73241,178.0,154.01685393258427,184.0,138.0,1218_nHS_003
102,74736,210.0,153.95714285714286,177.0,139.0,1218_nHS_003
103,82255,105.0,153.15238095238095,173.0,140.0,1218_nHS_003
104,82333,142.0,153.19718309859155,184.0,141.0,1218_nHS_003
105,82498,129.0,152.7984496124031,169.0,140.0,1218_nHS_003
106,88618,112.0,152.75,170.0,136.0,1218_nHS_003
107,89072,110.0,153.8,220.0,137.0,1218_nHS_003
108,91681,123.0,153.26829268292684,177.0,140.0,1218_nHS_003
109,91741,108.0,153.7962962962963,194.0,139.0,1218_nHS_003
110,93503,113.0,153.16814159292036,178.0,140.0,1218_nHS_003
111,93838,119.0,153.3613445378151,174.0,142.0,1218_nHS_003
112,94265,106.0,152.29245283018867,174.0,138.0,1218_nHS_003
113,94279,117.0,152.8803418803419,175.0,133.0,1218_nHS_003
114,94957,100.0,152.88,192.0,141.0,1218_nHS_003
115,95110,422.0,153.26777251184834,188.0,137.0,1218_nHS_003
116,95766,104.0,153.33653846153845,178.0,139.0,1218_nHS_003
117,95829,106.0,152.5188679245283,172.0,134.0,1218_nHS_003
118,95990,159.0,153.7987421383648,175.0,137.0,1218_nHS_003
119,96686,129.0,153.1782945736434,171.0,140.0,1218_nHS_003
120,97360,274.0,153.2007299270073,175.0,136.0,1218_nHS_003
121,97361,169.0,152.2189349112426,173.0,134.0,1218_nHS_003
122,98523,129.0,153.04651162790697,173.0,136.0,1218_nHS_003
123,99359,191.0,153.8848167539267,196.0,135.0,1218_nHS_003
124,99514,556.0,153.7841726618705,183.0,137.0,1218_nHS_003
125,99868,108.0,153.58333333333334,177.0,142.0,1218_nHS_003
126,100287,129.0,153.33333333333334,176.0,138.0,1218_nHS_003
127,100596,225.0,153.32,193.0,136.0,1218_nHS_003
128,100675,111.0,153.26126126126127,168.0,144.0,1218_nHS_003
129,100954,101.0,153.4257425742574,189.0,141.0,1218_nHS_003
130,101150,257.0,153.13618677042803,194.0,139.0,1218_nHS_003
131,101208,103.0,153.38834951456312,179.0,141.0,1218_nHS_003
132,101214,238.0,153.49159663865547,187.0,135.0,1218_nHS_003
133,101303,227.0,152.8149779735683,184.0,138.0,1218_nHS_003
134,101390,109.0,153.54128440366972,197.0,139.0,1218_nHS_003
135,101475,126.0,153.36507936507937,172.0,138.0,1218_nHS_003
136,101726,164.0,152.89634146341464,190.0,134.0,1218_nHS_003
137,101821,216.0,153.5,184.0,134.0,1218_nHS_003
138,101823,325.0,153.8153846153846,191.0,129.0,1218_nHS_003
139,101895,257.0,153.17120622568095,194.0,132.0,1218_nHS_003
140,102510,249.0,152.94779116465864,181.0,138.0,1218_nHS_003
141,102518,106.0,152.8490566037736,165.0,137.0,1218_nHS_003
142,103024,114.0,152.55263157894737,172.0,137.0,1218_nHS_003
143,103274,102.0,152.57843137254903,175.0,139.0,1218_nHS_003
144,103351,291.0,153.01374570446737,182.0,137.0,1218_nHS_003
145,103607,107.0,153.15887850467288,171.0,137.0,1218_nHS_003
146,103705,123.0,154.02439024390245,186.0,138.0,1218_nHS_003
147,103774,148.0,152.7972972972973,179.0,134.0,1218_nHS_003
148,104162,403.0,153.424317617866,179.0,137.0,1218_nHS_003
149,104469,714.0,153.2436974789916,201.0,136.0,1218_nHS_003
150,104802,124.0,154.20967741935485,180.0,140.0,1218_nHS_003
151,104891,196.0,153.3673469387755,180.0,134.0,1218_nHS_003
152,105294,150.0,154.03333333333333,174.0,141.0,1218_nHS_003
153,105338,441.0,152.89569160997732,185.0,135.0,1218_nHS_003
154,105350,136.0,153.86764705882354,181.0,136.0,1218_nHS_003
155,105554,323.0,153.72755417956657,195.0,137.0,1218_nHS_003
156,105560,109.0,153.39449541284404,178.0,140.0,1218_nHS_003
157,105591,105.0,153.25714285714287,171.0,140.0,1218_nHS_003
158,105720,102.0,153.42156862745097,203.0,141.0,1218_nHS_003
159,105803,179.0,152.84357541899442,175.0,134.0,1218_nHS_003
160,106372,115.0,153.9217391304348,170.0,138.0,1218_nHS_003
161,106792,159.0,153.32704402515722,177.0,137.0,1218_nHS_003
162,107749,106.0,152.95283018867926,172.0,138.0,1218_nHS_003
163,108624,131.0,154.12977099236642,180.0,143.0,1218_nHS_003
164,108784,109.0,153.1651376146789,172.0,139.0,1218_nHS_003
165,109277,104.0,153.0,173.0,140.0,1218_nHS_003
166,109283,350.0,152.6342857142857,203.0,138.0,1218_nHS_003
167,109286,193.0,153.83937823834196,185.0,137.0,1218_nHS_003
168,109457,118.0,153.35593220338984,173.0,138.0,1218_nHS_003
169,110237,525.0,153.54857142857142,185.0,133.0,1218_nHS_003
170,110840,162.0,152.96296296296296,179.0,137.0,1218_nHS_003
171,111096,120.0,153.08333333333334,170.0,138.0,1218_nHS_003
172,111101,299.0,153.33779264214047,195.0,137.0,1218_nHS_003
173,111158,191.0,152.6282722513089,181.0,137.0,1218_nHS_003
174,111769,109.0,152.89908256880733,169.0,141.0,1218_nHS_003
175,112166,145.0,153.41379310344828,185.0,140.0,1218_nHS_003
176,112168,123.0,152.95934959349594,171.0,137.0,1218_nHS_003
177,112473,263.0,153.32319391634982,169.0,135.0,1218_nHS_003
178,112508,104.0,152.05769230769232,172.0,137.0,1218_nHS_003
179,112606,157.0,152.80254777070064,178.0,139.0,1218_nHS_003
180,112871,148.0,153.77702702702703,182.0,137.0,1218_nHS_003
181,112990,135.0,152.82222222222222,169.0,139.0,1218_nHS_003
182,113311,137.0,152.5912408759124,186.0,138.0,1218_nHS_003
183,113566,266.0,153.74812030075188,172.0,137.0,1218_nHS_003
184,113621,150.0,153.47333333333333,171.0,138.0,1218_nHS_003
185,113901,104.0,152.55769230769232,182.0,140.0,1218_nHS_003
186,114044,283.0,153.59010600706713,178.0,137.0,1218_nHS_003
187,114100,105.0,153.02857142857144,172.0,140.0,1218_nHS_003
188,114211,124.0,152.41935483870967,174.0,139.0,1218_nHS_003
189,114278,129.0,153.3875968992248,212.0,139.0,1218_nHS_003
190,114415,418.0,152.85645933014354,182.0,135.0,1218_nHS_003
191,114717,345.0,153.63768115942028,182.0,141.0,1218_nHS_003
192,114813,114.0,152.7982456140351,166.0,140.0,1218_nHS_003
193,114836,128.0,153.3125,197.0,135.0,1218_nHS_003
194,114849,228.0,154.64473684210526,237.0,134.0,1218_nHS_003
195,115417,148.0,152.74324324324326,194.0,138.0,1218_nHS_003
196,115823,121.0,152.6611570247934,173.0,132.0,1218_nHS_003
197,116145,102.0,153.2941176470588,174.0,136.0,1218_nHS_003
198,116287,207.0,153.61352657004832,178.0,139.0,1218_nHS_003
199,116319,132.0,153.6060606060606,182.0,137.0,1218_nHS_003
200,116335,110.0,153.29090909090908,172.0,135.0,1218_nHS_003
201,116503,110.0,153.25454545454545,176.0,137.0,1218_nHS_003
202,116532,648.0,153.1604938271605,197.0,137.0,1218_nHS_003
203,116597,317.0,152.98107255520506,179.0,138.0,1218_nHS_003
204,116666,577.0,153.58232235701905,179.0,134.0,1218_nHS_003
205,116679,121.0,152.04132231404958,168.0,135.0,1218_nHS_003
206,116687,195.0,152.5076923076923,171.0,136.0,1218_nHS_003
207,116798,100.0,152.35,165.0,138.0,1218_nHS_003
208,116811,114.0,154.28070175438597,188.0,142.0,1218_nHS_003
209,116825,182.0,152.62087912087912,177.0,138.0,1218_nHS_003
210,116843,219.0,153.0593607305936,174.0,139.0,1218_nHS_003
211,117031,118.0,153.67796610169492,183.0,140.0,1218_nHS_003
212,117068,240.0,153.3,174.0,133.0,1218_nHS_003
213,117112,144.0,154.27777777777777,183.0,140.0,1218_nHS_003
214,117128,149.0,152.54362416107384,175.0,139.0,1218_nHS_003
215,117236,370.0,154.0162162162162,196.0,138.0,1218_nHS_003
216,117245,169.0,152.96449704142012,177.0,140.0,1218_nHS_003
217,117300,177.0,153.25988700564972,187.0,137.0,1218_nHS_003
218,117378,119.0,153.0252100840336,168.0,140.0,1218_nHS_003
219,117381,123.0,154.58536585365854,191.0,140.0,1218_nHS_003
220,117497,125.0,153.808,194.0,138.0,1218_nHS_003
221,117711,171.0,153.83625730994152,193.0,139.0,1218_nHS_003
222,117725,184.0,153.3641304347826,188.0,138.0,1218_nHS_003
223,117811,885.0,153.36045197740114,188.0,133.0,1218_nHS_003
224,117822,112.0,153.19642857142858,179.0,140.0,1218_nHS_003
225,118314,149.0,152.54362416107384,191.0,133.0,1218_nHS_003
226,118376,149.0,153.83892617449663,174.0,142.0,1218_nHS_003
227,118431,116.0,152.98275862068965,177.0,139.0,1218_nHS_003
228,118432,147.0,152.62585034013605,178.0,139.0,1218_nHS_003
229,118469,121.0,153.05785123966942,167.0,137.0,1218_nHS_003
230,118506,123.0,153.0650406504065,180.0,139.0,1218_nHS_003
231,118674,520.0,153.49423076923077,204.0,134.0,1218_nHS_003
232,118788,218.0,153.8577981651376,174.0,139.0,1218_nHS_003
233,119023,187.0,153.67379679144386,173.0,139.0,1218_nHS_003
234,119211,148.0,153.5472972972973,170.0,137.0,1218_nHS_003
0,2218,140.0,159.88571428571427,191.0,147.0,1218_nHS_012
1,2538,117.0,159.56410256410257,180.0,140.0,1218_nHS_012
2,2951,142.0,160.1338028169014,190.0,145.0,1218_nHS_012
3,3275,437.0,159.97940503432494,187.0,140.0,1218_nHS_012
4,3554,381.0,159.8503937007874,188.0,145.0,1218_nHS_012
5,3779,146.0,159.95205479452054,196.0,144.0,1218_nHS_012
6,5885,154.0,158.7792207792208,186.0,143.0,1218_nHS_012
7,6134,230.0,159.35652173913044,188.0,144.0,1218_nHS_012
8,6285,116.0,159.81896551724137,196.0,144.0,1218_nHS_012
9,6749,120.0,159.91666666666666,184.0,142.0,1218_nHS_012
10,8296,143.0,159.37062937062936,179.0,144.0,1218_nHS_012
11,9968,188.0,158.88829787234042,174.0,145.0,1218_nHS_012
12,10135,662.0,160.40785498489427,193.0,142.0,1218_nHS_012
13,10456,136.0,159.76470588235293,194.0,144.0,1218_nHS_012
14,10512,102.0,160.12745098039215,185.0,145.0,1218_nHS_012
15,10800,107.0,158.80373831775702,179.0,144.0,1218_nHS_012
16,10864,163.0,159.05521472392638,190.0,147.0,1218_nHS_012
17,10938,153.0,159.8562091503268,186.0,141.0,1218_nHS_012
18,11509,191.0,159.92146596858638,186.0,146.0,1218_nHS_012
19,13349,141.0,159.58156028368793,186.0,138.0,1218_nHS_012
20,16376,114.0,159.83333333333334,176.0,142.0,1218_nHS_012
21,16693,131.0,159.73282442748092,180.0,142.0,1218_nHS_012
22,17063,173.0,160.10404624277456,182.0,146.0,1218_nHS_012
23,17342,134.0,159.46268656716418,183.0,144.0,1218_nHS_012
24,17721,243.0,159.3744855967078,189.0,143.0,1218_nHS_012
25,17725,106.0,158.97169811320754,185.0,147.0,1218_nHS_012
26,17883,245.0,159.83673469387756,201.0,136.0,1218_nHS_012
27,18194,130.0,159.14615384615385,176.0,145.0,1218_nHS_012
28,18704,282.0,158.9468085106383,193.0,141.0,1218_nHS_012
29,18707,167.0,159.5988023952096,179.0,142.0,1218_nHS_012
30,19344,121.0,159.099173553719,184.0,141.0,1218_nHS_012
31,19427,121.0,158.93388429752065,174.0,141.0,1218_nHS_012
32,19601,119.0,159.42857142857142,183.0,141.0,1218_nHS_012
33,19604,135.0,159.07407407407408,183.0,143.0,1218_nHS_012
34,19819,130.0,159.41538461538462,181.0,146.0,1218_nHS_012
35,20717,106.0,159.93396226415095,188.0,145.0,1218_nHS_012
36,21011,184.0,159.5,182.0,140.0,1218_nHS_012
37,21132,163.0,159.06748466257667,179.0,144.0,1218_nHS_012
38,21433,123.0,159.4471544715447,184.0,144.0,1218_nHS_012
39,22481,110.0,159.01818181818183,182.0,143.0,1218_nHS_012
40,22510,104.0,158.7596153846154,180.0,142.0,1218_nHS_012
41,22523,153.0,159.35294117647058,181.0,144.0,1218_nHS_012
42,22762,145.0,159.48275862068965,193.0,144.0,1218_nHS_012
43,22765,100.0,159.31,180.0,141.0,1218_nHS_012
44,23180,343.0,159.46938775510205,184.0,139.0,1218_nHS_012
45,23268,191.0,159.63350785340313,185.0,145.0,1218_nHS_012
46,24678,486.0,159.88683127572017,217.0,140.0,1218_nHS_012
47,24852,176.0,159.85227272727272,195.0,142.0,1218_nHS_012
48,25269,123.0,159.5609756097561,186.0,143.0,1218_nHS_012
49,26051,139.0,158.9136690647482,186.0,141.0,1218_nHS_012
50,26351,193.0,159.6217616580311,186.0,144.0,1218_nHS_012
51,26502,392.0,159.0969387755102,187.0,139.0,1218_nHS_012
52,26628,110.0,159.5090909090909,205.0,142.0,1218_nHS_012
53,26697,206.0,159.70388349514562,182.0,145.0,1218_nHS_012
54,26887,106.0,159.08490566037736,173.0,146.0,1218_nHS_012
55,27267,319.0,159.29780564263322,181.0,144.0,1218_nHS_012
56,27273,111.0,158.77477477477478,189.0,145.0,1218_nHS_012
57,27294,244.0,159.12295081967213,214.0,142.0,1218_nHS_012
58,27482,135.0,159.43703703703704,182.0,144.0,1218_nHS_012
59,28081,146.0,159.06849315068493,182.0,140.0,1218_nHS_012
60,28169,203.0,159.2807881773399,179.0,142.0,1218_nHS_012
61,28769,138.0,158.95652173913044,188.0,140.0,1218_nHS_012
62,29244,165.0,159.45454545454547,194.0,139.0,1218_nHS_012
63,29374,163.0,158.93865030674846,183.0,139.0,1218_nHS_012
64,29822,104.0,160.77884615384616,187.0,144.0,1218_nHS_012
65,30170,159.0,159.1761006289308,193.0,143.0,1218_nHS_012
66,30419,179.0,160.7709497206704,189.0,137.0,1218_nHS_012
67,30585,253.0,158.8814229249012,180.0,142.0,1218_nHS_012
68,30987,355.0,159.92112676056337,197.0,146.0,1218_nHS_012
69,31072,118.0,160.39830508474577,191.0,144.0,1218_nHS_012
70,31333,158.0,159.29113924050634,184.0,144.0,1218_nHS_012
71,31964,167.0,160.01796407185628,183.0,140.0,1218_nHS_012
72,32018,139.0,159.19424460431654,172.0,146.0,1218_nHS_012
73,32295,253.0,159.29249011857706,180.0,144.0,1218_nHS_012
74,32489,115.0,159.6695652173913,182.0,145.0,1218_nHS_012
75,32603,104.0,158.3653846153846,177.0,145.0,1218_nHS_012
76,32982,105.0,159.35238095238094,181.0,141.0,1218_nHS_012
77,33409,101.0,158.82178217821783,177.0,144.0,1218_nHS_012
78,33659,115.0,159.2173913043478,183.0,142.0,1218_nHS_012
79,34539,100.0,159.53,193.0,146.0,1218_nHS_012
80,37470,229.0,159.12663755458516,182.0,144.0,1218_nHS_012
81,39420,105.0,158.65714285714284,174.0,144.0,1218_nHS_012
82,39784,385.0,159.54025974025973,191.0,142.0,1218_nHS_012
83,39932,190.0,159.79473684210527,177.0,142.0,1218_nHS_012
84,40127,113.0,160.12389380530973,183.0,139.0,1218_nHS_012
85,40504,288.0,159.70138888888889,184.0,141.0,1218_nHS_012
86,40671,266.0,160.2218045112782,188.0,143.0,1218_nHS_012
87,40954,144.0,159.5,197.0,139.0,1218_nHS_012
88,41581,113.0,159.41592920353983,178.0,144.0,1218_nHS_012
89,41804,346.0,159.15895953757226,188.0,139.0,1218_nHS_012
90,42557,172.0,160.24418604651163,186.0,145.0,1218_nHS_012
91,43387,117.0,158.8803418803419,179.0,142.0,1218_nHS_012
92,43603,147.0,158.91156462585033,174.0,141.0,1218_nHS_012
93,43747,111.0,159.22522522522522,191.0,144.0,1218_nHS_012
94,44334,159.0,158.32075471698113,188.0,139.0,1218_nHS_012
95,44522,127.0,159.748031496063,184.0,131.0,1218_nHS_012
96,44702,323.0,159.59442724458205,187.0,144.0,1218_nHS_012
97,44798,721.0,159.23023578363384,192.0,137.0,1218_nHS_012
98,44985,107.0,159.46728971962617,184.0,144.0,1218_nHS_012
99,45343,114.0,160.19298245614036,192.0,142.0,1218_nHS_012
100,45424,127.0,159.06299212598427,178.0,143.0,1218_nHS_012
101,45992,214.0,158.7710280373832,183.0,139.0,1218_nHS_012
102,47029,157.0,159.3248407643312,188.0,145.0,1218_nHS_012
103,47199,104.0,158.92307692307693,189.0,140.0,1218_nHS_012
104,47885,206.0,160.10679611650485,191.0,141.0,1218_nHS_012
105,49062,129.0,160.24031007751938,183.0,146.0,1218_nHS_012
106,50355,219.0,158.96803652968038,185.0,134.0,1218_nHS_012
107,51044,123.0,159.8048780487805,219.0,139.0,1218_nHS_012
108,51733,121.0,159.099173553719,181.0,142.0,1218_nHS_012
109,51913,116.0,160.04310344827587,195.0,144.0,1218_nHS_012
110,52106,122.0,160.1639344262295,218.0,144.0,1218_nHS_012
111,52812,208.0,160.17307692307693,198.0,141.0,1218_nHS_012
112,53100,174.0,159.71264367816093,200.0,141.0,1218_nHS_012
113,54912,230.0,159.3608695652174,198.0,140.0,1218_nHS_012
114,55236,117.0,159.76923076923077,183.0,145.0,1218_nHS_012
115,55243,289.0,159.5190311418685,191.0,142.0,1218_nHS_012
116,55918,140.0,160.47142857142856,184.0,146.0,1218_nHS_012
0,1,2552.0,503.9737460815047,764.0,285.0,1218_nHS_002
0,1,1019.0,458.3434739941119,662.0,263.0,1218_nHS_005
1,2,1106.0,443.99367088607596,671.0,267.0,1218_nHS_005
0,12815,111.0,158.6846846846847,183.0,146.0,1218_nHS_014
1,14063,418.0,159.17942583732057,184.0,144.0,1218_nHS_014
2,15194,144.0,159.80555555555554,185.0,144.0,1218_nHS_014
3,16282,106.0,158.26415094339623,183.0,142.0,1218_nHS_014
4,16581,237.0,158.54852320675104,177.0,144.0,1218_nHS_014
5,17026,171.0,158.74269005847952,196.0,143.0,1218_nHS_014
6,17971,121.0,158.0,176.0,144.0,1218_nHS_014
7,18017,132.0,158.45454545454547,186.0,144.0,1218_nHS_014
8,18372,126.0,159.02380952380952,211.0,141.0,1218_nHS_014
9,18386,150.0,158.19333333333333,187.0,138.0,1218_nHS_014
10,18716,258.0,158.4031007751938,208.0,143.0,1218_nHS_014
11,19085,121.0,158.72727272727272,185.0,142.0,1218_nHS_014
12,19429,144.0,157.96527777777777,187.0,144.0,1218_nHS_014
13,19678,104.0,158.69230769230768,177.0,144.0,1218_nHS_014
14,20072,135.0,158.2962962962963,181.0,139.0,1218_nHS_014
15,20158,339.0,158.43657817109144,196.0,139.0,1218_nHS_014
16,20216,104.0,158.70192307692307,185.0,141.0,1218_nHS_014
17,20478,142.0,158.6056338028169,177.0,143.0,1218_nHS_014
18,20497,126.0,157.77777777777777,177.0,140.0,1218_nHS_014
19,20762,149.0,158.7986577181208,182.0,139.0,1218_nHS_014
20,20889,110.0,158.77272727272728,176.0,146.0,1218_nHS_014
21,20937,276.0,158.3768115942029,176.0,141.0,1218_nHS_014
22,21593,200.0,158.65,210.0,144.0,1218_nHS_014
23,22297,271.0,158.47970479704796,192.0,134.0,1218_nHS_014
24,22640,256.0,158.41796875,180.0,141.0,1218_nHS_014
25,22646,121.0,158.7603305785124,183.0,147.0,1218_nHS_014
26,23258,165.0,157.9030303030303,176.0,145.0,1218_nHS_014
27,23419,1475.0,158.80610169491524,218.0,139.0,1218_nHS_014
28,23770,240.0,157.8,186.0,140.0,1218_nHS_014
29,24009,267.0,159.09737827715355,197.0,140.0,1218_nHS_014
30,25080,221.0,158.98190045248867,205.0,139.0,1218_nHS_014
31,25474,120.0,158.975,187.0,145.0,1218_nHS_014
32,25537,104.0,158.93269230769232,179.0,146.0,1218_nHS_014
33,25575,281.0,157.89679715302492,217.0,143.0,1218_nHS_014
34,26137,285.0,158.7017543859649,189.0,144.0,1218_nHS_014
35,26243,500.0,158.216,195.0,138.0,1218_nHS_014
36,26502,141.0,158.9290780141844,187.0,140.0,1218_nHS_014
37,26786,150.0,158.22,186.0,140.0,1218_nHS_014
38,27056,416.0,159.33653846153845,214.0,138.0,1218_nHS_014
39,27095,135.0,158.31851851851852,187.0,141.0,1218_nHS_014
40,27144,133.0,158.42105263157896,179.0,140.0,1218_nHS_014
41,27199,105.0,157.9904761904762,179.0,142.0,1218_nHS_014
42,27264,235.0,159.20851063829787,203.0,143.0,1218_nHS_014
43,27355,142.0,158.56338028169014,180.0,142.0,1218_nHS_014
44,28145,119.0,158.63025210084032,173.0,141.0,1218_nHS_014
45,28176,134.0,158.7910447761194,184.0,142.0,1218_nHS_014
46,28325,102.0,158.31372549019608,180.0,142.0,1218_nHS_014
47,29257,140.0,158.37142857142857,176.0,142.0,1218_nHS_014
48,30311,198.0,159.40404040404042,206.0,142.0,1218_nHS_014
49,33080,143.0,158.1888111888112,186.0,143.0,1218_nHS_014
50,33180,156.0,158.89743589743588,183.0,142.0,1218_nHS_014
51,34746,450.0,158.9711111111111,185.0,138.0,1218_nHS_014
52,35980,149.0,160.26174496644296,187.0,145.0,1218_nHS_014
53,36250,170.0,160.4470588235294,204.0,146.0,1218_nHS_014
54,36604,109.0,159.76146788990826,217.0,142.0,1218_nHS_014
55,36819,164.0,158.40853658536585,179.0,140.0,1218_nHS_014
56,39544,131.0,157.9236641221374,173.0,137.0,1218_nHS_014
57,50066,261.0,158.33333333333334,181.0,144.0,1218_nHS_014
58,50212,102.0,158.4313725490196,191.0,142.0,1218_nHS_014
59,51069,168.0,158.28571428571428,181.0,145.0,1218_nHS_014
60,52015,164.0,157.3658536585366,177.0,141.0,1218_nHS_014
61,52388,151.0,158.26490066225165,181.0,137.0,1218_nHS_014
62,52391,144.0,158.84722222222223,188.0,137.0,1218_nHS_014
63,53102,120.0,158.33333333333334,181.0,140.0,1218_nHS_014
64,53254,192.0,158.65625,183.0,140.0,1218_nHS_014
65,53497,101.0,157.03960396039605,176.0,144.0,1218_nHS_014
66,53897,109.0,158.56880733944953,179.0,143.0,1218_nHS_014
67,54121,110.0,158.88181818181818,197.0,142.0,1218_nHS_014
68,54947,354.0,158.57627118644066,191.0,144.0,1218_nHS_014
69,55086,741.0,158.53846153846155,251.0,138.0,1218_nHS_014
70,56329,160.0,158.3625,191.0,140.0,1218_nHS_014
71,57257,257.0,158.28793774319067,188.0,136.0,1218_nHS_014
72,57333,192.0,157.94791666666666,192.0,140.0,1218_nHS_014
73,57572,132.0,157.1590909090909,171.0,140.0,1218_nHS_014
74,58364,149.0,158.4496644295302,190.0,142.0,1218_nHS_014
75,58540,121.0,158.64462809917356,200.0,146.0,1218_nHS_014
76,59155,124.0,158.7983870967742,192.0,142.0,1218_nHS_014
77,59164,208.0,158.72596153846155,189.0,137.0,1218_nHS_014
78,59563,126.0,157.68253968253967,194.0,137.0,1218_nHS_014
79,60654,370.0,158.65405405405406,212.0,137.0,1218_nHS_014
80,61248,199.0,158.5678391959799,185.0,139.0,1218_nHS_014
81,61431,153.0,158.01307189542484,173.0,137.0,1218_nHS_014
82,61515,101.0,158.17821782178217,184.0,141.0,1218_nHS_014
0,1,955.0,608.0356020942409,912.0,320.0,1218_nHS_013
0,1,2525.0,907.0316831683168,1539.0,441.0,1163_HS_020
0,1,2194.0,1108.4594348222424,1796.0,574.0,1163_HS_012
0,1,2215.0,996.9426636568849,1694.0,497.0,1163_HS_015
0,43,2553.0,317.75479827653743,516.0,200.0,1163_HS_004
0,2,2136.0,662.2724719101124,1091.0,333.0,1163_HS_003
1,3,2173.0,604.1178094799816,935.0,348.0,1163_HS_003
0,1,1814.0,934.0595369349504,1499.0,493.0,1163_HS_013
0,1,2130.0,874.4046948356807,1475.0,469.0,1163_HS_002
0,1,2338.0,943.262617621899,1501.0,509.0,1163_HS_005
0,1,2447.0,790.5913363302002,1222.0,401.0,1163_HS_008
0,1,1824.0,684.7620614035088,1059.0,345.0,1163_HS_001
0,3,2728.0,767.5450879765395,1312.0,394.0,1163_HS_010
0,2,2028.0,957.2948717948718,1493.0,503.0,1163_HS_017
0,1,1663.0,764.7294046903187,1251.0,417.0,1163_HS_007
0,1,2721.0,794.9779492833517,1363.0,419.0,1163_HS_009
0,1,2689.0,894.1245816288583,1464.0,478.0,1163_HS_018
0,1,1756.0,751.2636674259682,1139.0,424.0,1163_HS_016
0,1,2720.0,740.2823529411764,1205.0,386.0,1163_HS_011
1,9,2604.0,724.4293394777266,1152.0,388.0,1163_HS_011
0,1,2785.0,838.929263913824,1369.0,449.0,1182_HS_008
0,163,118.0,251.3050847457627,294.0,197.0,1182_HS_011
0,2,2240.0,748.9848214285714,1301.0,380.0,1182_HS_007
0,1,2407.0,736.0373909430826,1200.0,393.0,1182_HS_009
0,2,272.0,292.58088235294116,398.0,206.0,1182_HS_012
1,4,206.0,284.3592233009709,380.0,213.0,1182_HS_012
2,6,100.0,250.91,322.0,205.0,1182_HS_012
3,13,111.0,256.963963963964,316.0,211.0,1182_HS_012
4,15,140.0,265.17857142857144,341.0,204.0,1182_HS_012
5,22,212.0,283.08490566037733,386.0,198.0,1182_HS_012
6,25,110.0,251.14545454545456,320.0,192.0,1182_HS_012
7,28,122.0,256.55737704918033,337.0,209.0,1182_HS_012
8,73,235.0,259.9659574468085,333.0,202.0,1182_HS_012
9,85,785.0,288.6471337579618,442.0,195.0,1182_HS_012
10,86,108.0,253.0185185185185,337.0,204.0,1182_HS_012
11,105,198.0,271.72222222222223,339.0,207.0,1182_HS_012
12,106,149.0,272.5771812080537,361.0,193.0,1182_HS_012
13,107,203.0,278.4926108374384,366.0,199.0,1182_HS_012
14,111,157.0,270.8216560509554,331.0,201.0,1182_HS_012
15,112,141.0,262.468085106383,338.0,197.0,1182_HS_012
16,113,235.0,260.59148936170214,339.0,206.0,1182_HS_012
17,121,515.0,297.36893203883494,412.0,204.0,1182_HS_012
18,122,686.0,287.9271137026239,423.0,188.0,1182_HS_012
19,123,1298.0,261.33975346687214,378.0,196.0,1182_HS_012
20,177,294.0,273.0238095238095,360.0,186.0,1182_HS_012
21,179,279.0,274.79928315412184,361.0,195.0,1182_HS_012
22,180,225.0,275.73333333333335,373.0,197.0,1182_HS_012
23,181,903.0,270.02104097452934,398.0,197.0,1182_HS_012
24,192,181.0,252.7292817679558,318.0,200.0,1182_HS_012
25,200,1221.0,267.8099918099918,366.0,198.0,1182_HS_012
26,216,181.0,249.60773480662982,305.0,202.0,1182_HS_012
27,218,298.0,265.1275167785235,329.0,204.0,1182_HS_012
28,231,205.0,271.1560975609756,362.0,202.0,1182_HS_012
29,237,116.0,248.80172413793105,299.0,195.0,1182_HS_012
30,239,746.0,285.29356568364614,386.0,204.0,1182_HS_012
31,241,152.0,275.2631578947368,356.0,203.0,1182_HS_012
32,245,256.0,293.203125,412.0,206.0,1182_HS_012
0,3,2816.0,647.8536931818181,1052.0,345.0,1182_HS_015
0,1,2107.0,712.9805410536308,1278.0,377.0,1182_HS_005
0,1,1880.0,785.2462765957447,1312.0,420.0,1182_HS_014
0,2,297.0,326.016835016835,399.0,249.0,1182_HS_013
1,3,191.0,293.4502617801047,369.0,237.0,1182_HS_013
2,9,145.0,324.5793103448276,403.0,248.0,1182_HS_013
3,10,326.0,326.82208588957053,471.0,258.0,1182_HS_013
4,19,207.0,337.768115942029,445.0,252.0,1182_HS_013
5,22,140.0,340.0,445.0,235.0,1182_HS_013
6,25,113.0,300.76106194690266,341.0,239.0,1182_HS_013
7,27,106.0,341.0943396226415,431.0,252.0,1182_HS_013
8,62,119.0,331.47899159663865,440.0,254.0,1182_HS_013
0,2418,113.0,170.71681415929203,200.0,153.0,1218_HS_015
1,3300,100.0,170.29,194.0,153.0,1218_HS_015
2,7830,113.0,172.04424778761063,200.0,154.0,1218_HS_015
3,7960,101.0,171.2970297029703,203.0,154.0,1218_HS_015
4,8804,627.0,171.792663476874,219.0,151.0,1218_HS_015
5,9102,112.0,171.46428571428572,202.0,154.0,1218_HS_015
6,10968,119.0,170.54621848739495,194.0,151.0,1218_HS_015
7,11102,169.0,170.14201183431953,217.0,151.0,1218_HS_015
8,11440,344.0,170.78197674418604,207.0,150.0,1218_HS_015
9,11980,374.0,169.57754010695186,204.0,147.0,1218_HS_015
10,12065,205.0,170.58536585365854,206.0,154.0,1218_HS_015
11,12794,157.0,170.05095541401275,202.0,154.0,1218_HS_015
12,12841,126.0,169.8015873015873,197.0,153.0,1218_HS_015
13,12953,103.0,170.32038834951456,197.0,150.0,1218_HS_015
14,14723,136.0,172.46323529411765,205.0,154.0,1218_HS_015
15,14999,120.0,169.1,188.0,152.0,1218_HS_015
16,15273,111.0,168.7117117117117,189.0,149.0,1218_HS_015
17,18170,218.0,169.91284403669724,195.0,145.0,1218_HS_015
18,18857,155.0,169.9741935483871,239.0,154.0,1218_HS_015
19,18954,135.0,169.5851851851852,198.0,151.0,1218_HS_015
20,19642,118.0,170.45762711864407,202.0,148.0,1218_HS_015
0,1,102.0,340.80392156862746,391.0,268.0,1218_HS_003
1,2,2276.0,487.1326889279438,787.0,271.0,1218_HS_003
0,879,178.0,161.48314606741573,186.0,143.0,1218_HS_004
1,3090,192.0,161.66666666666666,201.0,145.0,1218_HS_004
2,9845,120.0,161.05833333333334,181.0,149.0,1218_HS_004
3,9846,100.0,161.28,177.0,140.0,1218_HS_004
4,10332,131.0,161.24427480916032,178.0,150.0,1218_HS_004
5,10496,269.0,161.46096654275092,179.0,148.0,1218_HS_004
6,10608,184.0,162.2826086956522,188.0,140.0,1218_HS_004
7,10665,260.0,161.10384615384615,186.0,138.0,1218_HS_004
8,11524,173.0,161.82658959537574,191.0,142.0,1218_HS_004
9,12876,113.0,161.35398230088495,174.0,139.0,1218_HS_004
10,13542,249.0,161.87951807228916,230.0,144.0,1218_HS_004
11,13746,178.0,161.81460674157304,196.0,147.0,1218_HS_004
12,13939,629.0,161.78696343402225,195.0,146.0,1218_HS_004
13,14515,133.0,160.95488721804512,183.0,141.0,1218_HS_004
14,14569,146.0,161.84931506849315,178.0,144.0,1218_HS_004
15,14737,112.0,162.57142857142858,195.0,146.0,1218_HS_004
16,14917,148.0,161.27027027027026,191.0,149.0,1218_HS_004
17,15074,291.0,160.7422680412371,189.0,141.0,1218_HS_004
18,15653,104.0,161.81730769230768,190.0,146.0,1218_HS_004
19,15842,131.0,161.93129770992365,190.0,140.0,1218_HS_004
20,16042,122.0,161.04918032786884,183.0,148.0,1218_HS_004
21,16202,112.0,161.84821428571428,193.0,146.0,1218_HS_004
22,17033,518.0,162.1023166023166,194.0,139.0,1218_HS_004
23,18579,147.0,160.9047619047619,181.0,144.0,1218_HS_004
24,19032,117.0,161.8803418803419,207.0,146.0,1218_HS_004
25,19130,120.0,160.925,184.0,145.0,1218_HS_004
26,20472,146.0,160.86986301369862,215.0,144.0,1218_HS_004
27,20724,154.0,161.13636363636363,184.0,140.0,1218_HS_004
28,21460,175.0,161.42285714285714,199.0,147.0,1218_HS_004
29,21662,110.0,161.35454545454544,181.0,146.0,1218_HS_004
30,24424,102.0,160.3921568627451,181.0,141.0,1218_HS_004
31,25517,111.0,162.5045045045045,183.0,146.0,1218_HS_004
32,26338,103.0,161.24271844660194,186.0,146.0,1218_HS_004
33,26403,267.0,160.74157303370785,180.0,144.0,1218_HS_004
34,26547,122.0,161.22131147540983,179.0,146.0,1218_HS_004
35,26867,101.0,161.34653465346534,183.0,145.0,1218_HS_004
36,28250,111.0,160.7027027027027,180.0,147.0,1218_HS_004
37,30438,132.0,161.58333333333334,183.0,147.0,1218_HS_004
38,32020,109.0,161.52293577981652,177.0,142.0,1218_HS_004
39,32802,198.0,161.33333333333334,187.0,144.0,1218_HS_004
40,36935,130.0,161.01538461538462,191.0,143.0,1218_HS_004
41,37204,111.0,161.7927927927928,184.0,145.0,1218_HS_004
42,37739,102.0,160.77450980392157,183.0,145.0,1218_HS_004
43,39087,149.0,161.58389261744966,179.0,147.0,1218_HS_004
44,39875,100.0,161.69,181.0,148.0,1218_HS_004
45,40761,184.0,162.1195652173913,194.0,145.0,1218_HS_004
46,40763,148.0,161.96621621621622,211.0,141.0,1218_HS_004
47,40799,107.0,161.02803738317758,177.0,142.0,1218_HS_004
48,41109,121.0,161.89256198347107,181.0,146.0,1218_HS_004
49,41202,801.0,161.44444444444446,238.0,144.0,1218_HS_004
50,41878,626.0,161.7779552715655,213.0,137.0,1218_HS_004
51,42453,374.0,161.55882352941177,199.0,140.0,1218_HS_004
52,42846,121.0,161.25619834710744,177.0,146.0,1218_HS_004
53,43629,173.0,160.84971098265896,183.0,139.0,1218_HS_004
54,44383,110.0,161.13636363636363,180.0,139.0,1218_HS_004
55,45101,174.0,160.9022988505747,193.0,146.0,1218_HS_004
56,46233,106.0,160.9811320754717,177.0,143.0,1218_HS_004
57,47723,101.0,161.23762376237624,189.0,141.0,1218_HS_004
58,48945,199.0,161.29145728643215,197.0,144.0,1218_HS_004
59,49176,142.0,162.29577464788733,198.0,146.0,1218_HS_004
60,49364,114.0,161.59649122807016,189.0,145.0,1218_HS_004
61,50809,105.0,160.4857142857143,202.0,141.0,1218_HS_004
62,50936,317.0,161.17034700315457,190.0,145.0,1218_HS_004
63,51819,178.0,161.08988764044943,189.0,143.0,1218_HS_004
64,51970,305.0,161.59672131147542,218.0,140.0,1218_HS_004
65,54208,125.0,160.832,178.0,146.0,1218_HS_004
66,54365,113.0,161.50442477876106,202.0,143.0,1218_HS_004
67,54376,164.0,161.0121951219512,184.0,140.0,1218_HS_004
68,55635,116.0,161.0948275862069,195.0,142.0,1218_HS_004
69,55989,139.0,162.0431654676259,195.0,144.0,1218_HS_004
70,56611,505.0,161.1881188118812,181.0,143.0,1218_HS_004
71,57350,360.0,161.39166666666668,203.0,141.0,1218_HS_004
72,57413,209.0,161.42583732057417,206.0,143.0,1218_HS_004
73,57684,610.0,162.15245901639344,210.0,143.0,1218_HS_004
74,57994,152.0,161.79605263157896,182.0,148.0,1218_HS_004
75,58341,100.0,161.51,182.0,148.0,1218_HS_004
76,58926,134.0,161.92537313432837,181.0,146.0,1218_HS_004
77,58939,194.0,162.5463917525773,198.0,148.0,1218_HS_004
78,59059,643.0,161.71850699844478,202.0,143.0,1218_HS_004
79,59647,247.0,161.748987854251,187.0,144.0,1218_HS_004
80,59771,121.0,160.9917355371901,184.0,146.0,1218_HS_004
81,60341,1360.0,161.7683823529412,203.0,140.0,1218_HS_004
82,60426,145.0,162.16551724137932,201.0,146.0,1218_HS_004
83,60484,100.0,162.3,193.0,145.0,1218_HS_004
84,60951,109.0,161.93577981651376,192.0,147.0,1218_HS_004
85,61663,411.0,161.73722627737226,193.0,146.0,1218_HS_004
86,61675,151.0,161.98675496688742,185.0,135.0,1218_HS_004
87,61844,357.0,162.20728291316527,210.0,143.0,1218_HS_004
88,61964,131.0,162.91603053435114,199.0,148.0,1218_HS_004
89,62224,177.0,162.16949152542372,198.0,146.0,1218_HS_004
90,62473,112.0,162.99107142857142,187.0,148.0,1218_HS_004
0,1,1228.0,392.1441368078176,557.0,236.0,1218_HS_013
1,8,1778.0,461.4032620922385,711.0,255.0,1218_HS_013
0,9,399.0,153.83959899749374,187.0,130.0,1218_HS_014
1,14,212.0,153.06132075471697,177.0,128.0,1218_HS_014
2,141,117.0,154.05982905982907,178.0,135.0,1218_HS_014
3,1191,201.0,153.19900497512438,179.0,136.0,1218_HS_014
4,1529,270.0,153.32962962962964,208.0,132.0,1218_HS_014
5,1768,315.0,153.25714285714287,177.0,135.0,1218_HS_014
6,1773,299.0,153.35451505016724,202.0,132.0,1218_HS_014
7,1828,904.0,153.65929203539824,196.0,135.0,1218_HS_014
8,1833,537.0,153.06890130353818,178.0,134.0,1218_HS_014
9,2351,193.0,154.5440414507772,188.0,133.0,1218_HS_014
10,3561,155.0,153.75483870967741,187.0,137.0,1218_HS_014
11,3564,123.0,153.52845528455285,180.0,142.0,1218_HS_014
12,3856,160.0,153.3125,174.0,136.0,1218_HS_014
13,3948,2186.0,158.72506861848123,222.0,138.0,1218_HS_014
14,5063,174.0,152.9367816091954,178.0,138.0,1218_HS_014
15,5944,117.0,153.9059829059829,180.0,136.0,1218_HS_014
16,6188,142.0,153.7887323943662,196.0,138.0,1218_HS_014
17,6677,129.0,154.71317829457365,200.0,135.0,1218_HS_014
18,7260,258.0,154.30620155038758,210.0,133.0,1218_HS_014
19,7272,146.0,152.8835616438356,176.0,137.0,1218_HS_014
20,7383,132.0,153.74242424242425,197.0,138.0,1218_HS_014
21,7466,231.0,153.017316017316,191.0,137.0,1218_HS_014
22,7542,125.0,153.376,174.0,140.0,1218_HS_014
23,7699,222.0,153.07207207207207,175.0,138.0,1218_HS_014
24,7795,116.0,152.33620689655172,175.0,136.0,1218_HS_014
25,8028,109.0,153.67889908256882,174.0,141.0,1218_HS_014
26,8624,158.0,153.77848101265823,173.0,139.0,1218_HS_014
27,9587,252.0,154.0793650793651,186.0,138.0,1218_HS_014
28,9667,339.0,153.50737463126845,180.0,135.0,1218_HS_014
29,9891,758.0,153.63324538258576,192.0,135.0,1218_HS_014
30,9997,226.0,152.9513274336283,193.0,137.0,1218_HS_014
31,10350,121.0,152.6198347107438,171.0,139.0,1218_HS_014
32,10892,128.0,153.1328125,169.0,141.0,1218_HS_014
33,12373,129.0,152.7829457364341,178.0,133.0,1218_HS_014
34,12513,103.0,154.75728155339806,244.0,139.0,1218_HS_014
35,12870,145.0,153.84137931034482,190.0,133.0,1218_HS_014
36,13190,138.0,153.14492753623188,174.0,136.0,1218_HS_014
37,13268,244.0,152.99590163934425,176.0,136.0,1218_HS_014
38,14019,126.0,153.3968253968254,171.0,143.0,1218_HS_014
39,14021,268.0,153.33582089552237,182.0,138.0,1218_HS_014
40,14484,157.0,152.7579617834395,176.0,130.0,1218_HS_014
41,14810,106.0,153.4056603773585,181.0,137.0,1218_HS_014
42,16049,166.0,153.56626506024097,196.0,138.0,1218_HS_014
43,16666,392.0,153.77551020408163,182.0,136.0,1218_HS_014
44,16793,197.0,153.99492385786803,185.0,139.0,1218_HS_014
45,18903,197.0,153.62436548223351,180.0,137.0,1218_HS_014
46,20428,238.0,153.86974789915968,177.0,137.0,1218_HS_014
47,20520,615.0,153.58861788617887,183.0,130.0,1218_HS_014
48,21500,152.0,154.16447368421052,174.0,137.0,1218_HS_014
49,21548,112.0,152.90178571428572,178.0,140.0,1218_HS_014
50,22051,255.0,153.46274509803922,176.0,136.0,1218_HS_014
51,23207,169.0,153.5680473372781,188.0,136.0,1218_HS_014
52,25338,100.0,154.09,177.0,141.0,1218_HS_014
53,25929,124.0,153.69354838709677,180.0,140.0,1218_HS_014
54,25992,183.0,153.43169398907105,187.0,138.0,1218_HS_014
55,26900,147.0,152.83673469387756,173.0,135.0,1218_HS_014
56,27824,124.0,152.80645161290323,198.0,136.0,1218_HS_014
57,28279,184.0,153.3423913043478,170.0,136.0,1218_HS_014
58,31443,151.0,152.80794701986756,188.0,127.0,1218_HS_014
59,39343,125.0,154.064,207.0,138.0,1218_HS_014
60,43018,146.0,153.56849315068493,182.0,141.0,1218_HS_014
61,44413,185.0,153.27027027027026,179.0,140.0,1218_HS_014
62,46424,110.0,153.75454545454545,199.0,141.0,1218_HS_014
63,47101,151.0,152.3774834437086,179.0,137.0,1218_HS_014
64,51037,116.0,153.16379310344828,184.0,138.0,1218_HS_014
65,51170,128.0,153.1015625,165.0,140.0,1218_HS_014
66,52321,129.0,153.7751937984496,168.0,135.0,1218_HS_014
67,57122,116.0,152.50862068965517,168.0,137.0,1218_HS_014
68,62538,100.0,153.24,179.0,139.0,1218_HS_014
69,78925,116.0,153.61206896551724,185.0,137.0,1218_HS_014
70,80570,109.0,152.954128440367,195.0,139.0,1218_HS_014
71,82523,102.0,153.94117647058823,190.0,139.0,1218_HS_014
72,83498,101.0,152.990099009901,188.0,139.0,1218_HS_014
73,87366,172.0,154.13953488372093,190.0,143.0,1218_HS_014
74,89316,147.0,152.8843537414966,167.0,139.0,1218_HS_014
75,91672,141.0,152.74468085106383,168.0,139.0,1218_HS_014
76,92200,129.0,153.27906976744185,172.0,140.0,1218_HS_014
77,92496,135.0,153.83703703703705,196.0,139.0,1218_HS_014
78,92576,163.0,153.26993865030676,185.0,133.0,1218_HS_014
79,93821,160.0,152.55625,200.0,134.0,1218_HS_014
80,94269,172.0,152.62790697674419,169.0,133.0,1218_HS_014
81,94883,104.0,153.20192307692307,186.0,137.0,1218_HS_014
82,94966,192.0,152.98958333333334,174.0,135.0,1218_HS_014
83,95205,373.0,153.0509383378016,181.0,135.0,1218_HS_014
84,95278,301.0,153.55149501661128,182.0,139.0,1218_HS_014
85,95467,126.0,153.0793650793651,172.0,139.0,1218_HS_014
86,95814,111.0,154.36936936936937,218.0,143.0,1218_HS_014
87,95913,168.0,152.36904761904762,169.0,139.0,1218_HS_014
88,96271,113.0,151.93805309734512,170.0,137.0,1218_HS_014
89,96960,151.0,153.65562913907286,186.0,131.0,1218_HS_014
90,96974,103.0,152.95145631067962,168.0,141.0,1218_HS_014
91,97535,112.0,153.42857142857142,179.0,134.0,1218_HS_014
92,98161,158.0,153.21518987341773,179.0,141.0,1218_HS_014
93,98207,334.0,153.61077844311376,187.0,136.0,1218_HS_014
94,98573,112.0,153.25,182.0,137.0,1218_HS_014
95,98594,136.0,154.11029411764707,196.0,139.0,1218_HS_014
96,98645,331.0,153.70090634441087,212.0,135.0,1218_HS_014
97,98933,157.0,153.47770700636943,177.0,136.0,1218_HS_014
98,99406,192.0,153.265625,209.0,139.0,1218_HS_014
99,99943,110.0,153.27272727272728,170.0,140.0,1218_HS_014
100,100039,186.0,153.80645161290323,181.0,136.0,1218_HS_014
101,100049,130.0,152.23076923076923,166.0,134.0,1218_HS_014
102,100277,128.0,153.5703125,183.0,135.0,1218_HS_014
103,100333,157.0,154.06369426751593,186.0,140.0,1218_HS_014
104,100402,164.0,153.26829268292684,182.0,137.0,1218_HS_014
105,100668,218.0,153.0,176.0,135.0,1218_HS_014
106,100719,120.0,152.7,166.0,138.0,1218_HS_014
107,100889,1547.0,153.68002585649646,192.0,134.0,1218_HS_014
108,101082,185.0,153.8,191.0,141.0,1218_HS_014
109,101311,651.0,153.61904761904762,181.0,137.0,1218_HS_014
110,101648,320.0,153.08125,169.0,133.0,1218_HS_014
111,101727,502.0,153.60756972111554,192.0,137.0,1218_HS_014
112,101787,159.0,153.27672955974842,192.0,140.0,1218_HS_014
113,101797,139.0,153.9928057553957,178.0,138.0,1218_HS_014
114,102090,210.0,152.85238095238094,168.0,137.0,1218_HS_014
115,102095,200.0,153.35,173.0,139.0,1218_HS_014
116,102229,118.0,154.74576271186442,186.0,141.0,1218_HS_014
117,102449,109.0,152.8440366972477,167.0,139.0,1218_HS_014
118,102631,118.0,153.5593220338983,174.0,137.0,1218_HS_014
119,102890,443.0,163.86004514672686,959.0,133.0,1218_HS_014
120,103057,120.0,152.90833333333333,168.0,137.0,1218_HS_014
121,103255,162.0,153.76543209876544,177.0,135.0,1218_HS_014
122,103476,176.0,152.6875,170.0,137.0,1218_HS_014
123,103945,1101.0,153.59491371480473,217.0,136.0,1218_HS_014
124,104154,1460.0,153.7609589041096,195.0,135.0,1218_HS_014
125,104344,507.0,153.85798816568047,214.0,139.0,1218_HS_014
126,104483,153.0,153.80392156862746,182.0,136.0,1218_HS_014
127,105342,122.0,153.0983606557377,170.0,135.0,1218_HS_014
128,106210,192.0,153.45833333333334,192.0,138.0,1218_HS_014
129,106344,115.0,154.56521739130434,196.0,141.0,1218_HS_014
130,106570,107.0,153.17757009345794,171.0,140.0,1218_HS_014
131,106572,119.0,153.39495798319328,172.0,138.0,1218_HS_014
132,106721,100.0,153.2,168.0,142.0,1218_HS_014
133,106734,108.0,152.39814814814815,174.0,132.0,1218_HS_014
134,106813,117.0,153.8803418803419,176.0,137.0,1218_HS_014
135,107204,216.0,152.76388888888889,183.0,137.0,1218_HS_014
136,107509,421.0,153.71733966745842,200.0,138.0,1218_HS_014
137,107563,110.0,152.06363636363636,167.0,134.0,1218_HS_014
138,107641,108.0,151.87962962962962,177.0,135.0,1218_HS_014
139,107738,146.0,154.24657534246575,186.0,132.0,1218_HS_014
140,107887,148.0,152.99324324324326,170.0,134.0,1218_HS_014
141,107977,137.0,153.28467153284672,200.0,139.0,1218_HS_014
142,107981,112.0,153.53571428571428,183.0,135.0,1218_HS_014
143,108072,186.0,153.18279569892474,179.0,133.0,1218_HS_014
144,108502,481.0,153.34511434511435,205.0,128.0,1218_HS_014
145,108572,148.0,153.38513513513513,184.0,135.0,1218_HS_014
146,108798,403.0,152.68982630272953,185.0,137.0,1218_HS_014
147,108962,177.0,153.98870056497177,182.0,142.0,1218_HS_014
148,109433,138.0,153.58695652173913,169.0,141.0,1218_HS_014
149,110353,257.0,152.98443579766536,180.0,137.0,1218_HS_014
150,110514,357.0,153.18487394957984,181.0,132.0,1218_HS_014
151,110586,100.0,153.28,194.0,141.0,1218_HS_014
152,111014,120.0,153.06666666666666,189.0,137.0,1218_HS_014
153,111552,323.0,153.69040247678018,190.0,135.0,1218_HS_014
154,112743,124.0,152.92741935483872,170.0,139.0,1218_HS_014
155,113909,121.0,153.4793388429752,194.0,139.0,1218_HS_014
156,114311,112.0,152.15178571428572,169.0,135.0,1218_HS_014
157,114454,125.0,153.304,173.0,138.0,1218_HS_014
158,114971,217.0,153.1705069124424,190.0,140.0,1218_HS_014
159,117352,414.0,153.32608695652175,174.0,136.0,1218_HS_014
160,117508,118.0,153.0,177.0,137.0,1218_HS_014
161,118173,119.0,154.11764705882354,174.0,137.0,1218_HS_014
162,119203,413.0,153.27845036319613,196.0,135.0,1218_HS_014
163,119383,101.0,153.02970297029702,186.0,135.0,1218_HS_014
164,119530,123.0,152.60162601626016,172.0,138.0,1218_HS_014
165,120500,140.0,152.7642857142857,175.0,126.0,1218_HS_014
166,121067,132.0,153.78787878787878,188.0,139.0,1218_HS_014
167,121731,202.0,153.2871287128713,182.0,135.0,1218_HS_014
168,121756,119.0,153.48739495798318,177.0,139.0,1218_HS_014
169,121932,204.0,153.27450980392157,183.0,139.0,1218_HS_014
170,122063,124.0,153.17741935483872,170.0,138.0,1218_HS_014
171,122081,113.0,153.141592920354,167.0,136.0,1218_HS_014
172,122173,108.0,152.91666666666666,181.0,137.0,1218_HS_014
173,122343,829.0,153.5633293124246,192.0,135.0,1218_HS_014
174,122393,108.0,152.5648148148148,167.0,140.0,1218_HS_014
175,122463,134.0,153.28358208955223,175.0,141.0,1218_HS_014
176,122603,121.0,153.0495867768595,185.0,138.0,1218_HS_014
177,122614,106.0,153.27358490566039,173.0,139.0,1218_HS_014
178,122933,239.0,153.3347280334728,175.0,140.0,1218_HS_014
179,122951,145.0,153.81379310344826,186.0,133.0,1218_HS_014
180,123002,146.0,153.08904109589042,182.0,136.0,1218_HS_014
181,123169,151.0,153.26490066225165,197.0,137.0,1218_HS_014
182,123687,139.0,153.568345323741,177.0,135.0,1218_HS_014
183,123867,101.0,152.4950495049505,177.0,142.0,1218_HS_014
184,124082,101.0,153.20792079207922,179.0,139.0,1218_HS_014
185,124100,139.0,153.41007194244605,209.0,139.0,1218_HS_014
186,124554,193.0,153.04145077720207,179.0,134.0,1218_HS_014
187,124932,257.0,152.49027237354085,180.0,137.0,1218_HS_014
188,125180,205.0,153.22439024390243,170.0,137.0,1218_HS_014
189,125285,149.0,152.86577181208054,195.0,139.0,1218_HS_014
190,125454,197.0,153.9238578680203,177.0,137.0,1218_HS_014
191,125556,103.0,153.2135922330097,174.0,137.0,1218_HS_014
192,125605,107.0,152.2336448598131,169.0,139.0,1218_HS_014
193,125750,145.0,152.75862068965517,167.0,135.0,1218_HS_014
194,125986,328.0,153.5762195121951,185.0,137.0,1218_HS_014
195,126044,125.0,152.808,180.0,139.0,1218_HS_014
196,126140,121.0,153.63636363636363,177.0,138.0,1218_HS_014
197,126267,293.0,152.49829351535837,174.0,135.0,1218_HS_014
198,126435,170.0,153.38823529411764,201.0,139.0,1218_HS_014
199,126467,141.0,153.38297872340425,181.0,134.0,1218_HS_014
200,126566,178.0,153.0056179775281,190.0,137.0,1218_HS_014
201,126746,1290.0,153.12713178294572,199.0,131.0,1218_HS_014
202,126948,323.0,153.41176470588235,191.0,136.0,1218_HS_014
203,126992,151.0,153.3708609271523,179.0,137.0,1218_HS_014
204,127026,211.0,152.88151658767774,169.0,138.0,1218_HS_014
205,127069,219.0,152.77625570776254,180.0,140.0,1218_HS_014
206,127154,232.0,152.95258620689654,177.0,139.0,1218_HS_014
207,127274,152.0,153.15131578947367,181.0,140.0,1218_HS_014
208,127304,1175.0,153.56340425531914,195.0,131.0,1218_HS_014
209,127489,255.0,153.57647058823528,177.0,137.0,1218_HS_014
210,127580,172.0,153.08139534883722,181.0,138.0,1218_HS_014
211,127584,138.0,153.18840579710144,178.0,140.0,1218_HS_014
212,127682,593.0,153.43676222596966,188.0,135.0,1218_HS_014
213,127784,131.0,152.9770992366412,171.0,128.0,1218_HS_014
214,127814,303.0,153.82508250825083,183.0,139.0,1218_HS_014
215,127874,380.0,153.53157894736842,213.0,136.0,1218_HS_014
216,127885,104.0,152.68269230769232,168.0,138.0,1218_HS_014
217,127894,298.0,153.9261744966443,176.0,129.0,1218_HS_014
218,128093,245.0,153.02857142857144,178.0,138.0,1218_HS_014
219,128211,217.0,154.1705069124424,187.0,138.0,1218_HS_014
220,128279,104.0,153.73076923076923,189.0,140.0,1218_HS_014
221,128360,223.0,153.14349775784754,177.0,137.0,1218_HS_014
222,128398,144.0,152.59027777777777,172.0,139.0,1218_HS_014
223,128462,296.0,152.9831081081081,173.0,138.0,1218_HS_014
224,128505,126.0,153.43650793650792,171.0,139.0,1218_HS_014
225,128624,557.0,152.98204667863556,194.0,134.0,1218_HS_014
226,128689,120.0,154.025,195.0,140.0,1218_HS_014
227,128708,109.0,153.77064220183487,200.0,134.0,1218_HS_014
228,128738,135.0,153.7037037037037,187.0,142.0,1218_HS_014
229,128751,224.0,153.63839285714286,186.0,135.0,1218_HS_014
230,128758,124.0,153.03225806451613,173.0,139.0,1218_HS_014
231,128959,966.0,153.54037267080744,199.0,137.0,1218_HS_014
232,128996,851.0,153.50763807285546,194.0,129.0,1218_HS_014
233,129055,732.0,153.35792349726776,209.0,135.0,1218_HS_014
234,129761,2577.0,153.42956926658906,232.0,133.0,1218_HS_014
235,130610,103.0,154.15533980582524,172.0,139.0,1218_HS_014
236,131038,255.0,153.91372549019607,179.0,140.0,1218_HS_014
0,7,196.0,154.16326530612244,191.0,136.0,1218_HS_005
1,22,168.0,154.02380952380952,177.0,135.0,1218_HS_005
2,25,124.0,154.41935483870967,187.0,143.0,1218_HS_005
3,179,363.0,154.84022038567494,179.0,133.0,1218_HS_005
4,181,257.0,154.68093385214007,179.0,133.0,1218_HS_005
5,455,104.0,154.28846153846155,187.0,137.0,1218_HS_005
6,1003,216.0,153.80555555555554,180.0,138.0,1218_HS_005
7,1547,120.0,154.19166666666666,172.0,139.0,1218_HS_005
8,1948,110.0,154.5090909090909,185.0,139.0,1218_HS_005
9,2271,337.0,154.87240356083086,193.0,133.0,1218_HS_005
10,2281,143.0,153.86713286713288,182.0,138.0,1218_HS_005
11,2377,119.0,154.109243697479,179.0,137.0,1218_HS_005
12,3139,147.0,154.08843537414967,172.0,139.0,1218_HS_005
13,3160,107.0,155.26168224299064,193.0,141.0,1218_HS_005
14,4155,212.0,154.47641509433961,184.0,138.0,1218_HS_005
15,4421,423.0,154.10874704491727,197.0,138.0,1218_HS_005
16,5222,116.0,155.94827586206895,202.0,139.0,1218_HS_005
17,5421,332.0,154.19277108433735,186.0,141.0,1218_HS_005
18,5490,166.0,154.02409638554218,185.0,133.0,1218_HS_005
19,6576,123.0,154.5528455284553,197.0,138.0,1218_HS_005
20,6760,125.0,153.632,170.0,135.0,1218_HS_005
21,6852,232.0,153.97844827586206,176.0,139.0,1218_HS_005
22,7056,150.0,155.07333333333332,192.0,136.0,1218_HS_005
23,9053,293.0,153.49829351535837,176.0,136.0,1218_HS_005
24,9059,115.0,152.9217391304348,169.0,139.0,1218_HS_005
25,9730,143.0,153.51048951048952,187.0,140.0,1218_HS_005
26,9803,124.0,153.65322580645162,173.0,137.0,1218_HS_005
27,9882,141.0,154.70212765957447,179.0,140.0,1218_HS_005
28,10687,188.0,154.37234042553192,194.0,132.0,1218_HS_005
29,10979,103.0,155.2135922330097,184.0,142.0,1218_HS_005
30,11985,106.0,154.20754716981133,181.0,133.0,1218_HS_005
31,12456,139.0,153.9928057553957,175.0,139.0,1218_HS_005
32,12750,116.0,154.93103448275863,176.0,136.0,1218_HS_005
33,12753,139.0,154.22302158273382,186.0,138.0,1218_HS_005
34,13342,202.0,153.7970297029703,182.0,139.0,1218_HS_005
35,14119,278.0,155.29856115107913,227.0,137.0,1218_HS_005
36,14221,182.0,153.98901098901098,192.0,140.0,1218_HS_005
37,16606,287.0,153.82578397212544,200.0,134.0,1218_HS_005
38,16980,187.0,154.22459893048128,171.0,140.0,1218_HS_005
39,17807,144.0,154.32638888888889,184.0,139.0,1218_HS_005
40,20264,109.0,154.40366972477065,192.0,139.0,1218_HS_005
41,20267,153.0,153.7450980392157,183.0,140.0,1218_HS_005
42,21520,130.0,154.54615384615386,194.0,142.0,1218_HS_005
43,21851,174.0,154.25862068965517,188.0,139.0,1218_HS_005
44,21950,337.0,154.18100890207714,188.0,138.0,1218_HS_005
45,21952,183.0,154.86338797814207,179.0,142.0,1218_HS_005
46,23515,135.0,153.76296296296297,187.0,142.0,1218_HS_005
47,25079,190.0,154.53157894736842,178.0,138.0,1218_HS_005
48,25164,286.0,153.9265734265734,179.0,133.0,1218_HS_005
49,25476,214.0,153.96728971962617,196.0,135.0,1218_HS_005
50,26294,129.0,153.91472868217053,175.0,137.0,1218_HS_005
51,28465,134.0,154.53731343283582,175.0,140.0,1218_HS_005
52,28513,186.0,154.27956989247312,175.0,142.0,1218_HS_005
53,28679,535.0,154.40373831775702,196.0,133.0,1218_HS_005
54,29972,105.0,153.15238095238095,174.0,130.0,1218_HS_005
55,30524,114.0,153.8421052631579,181.0,136.0,1218_HS_005
56,30567,464.0,153.73060344827587,181.0,136.0,1218_HS_005
57,30987,109.0,154.1559633027523,191.0,133.0,1218_HS_005
58,31771,324.0,154.23765432098764,186.0,136.0,1218_HS_005
59,32383,141.0,154.5035460992908,179.0,138.0,1218_HS_005
60,33576,118.0,153.38135593220338,176.0,133.0,1218_HS_005
61,33667,249.0,153.9437751004016,177.0,138.0,1218_HS_005
62,34272,132.0,154.6818181818182,212.0,138.0,1218_HS_005
63,39171,178.0,153.17415730337078,189.0,139.0,1218_HS_005
64,40503,101.0,154.05940594059405,172.0,141.0,1218_HS_005
65,45626,230.0,153.66086956521738,173.0,139.0,1218_HS_005
66,48863,153.0,154.67320261437908,181.0,142.0,1218_HS_005
67,50134,132.0,153.24242424242425,172.0,138.0,1218_HS_005
68,56140,202.0,153.34653465346534,173.0,136.0,1218_HS_005
69,57297,128.0,155.1484375,177.0,140.0,1218_HS_005
70,57607,114.0,154.87719298245614,174.0,136.0,1218_HS_005
71,62858,191.0,153.83769633507853,180.0,139.0,1218_HS_005
72,64140,186.0,153.44086021505376,182.0,137.0,1218_HS_005
73,64237,153.0,154.32679738562092,174.0,140.0,1218_HS_005
74,64504,113.0,153.87610619469027,171.0,139.0,1218_HS_005
75,64664,350.0,154.14857142857142,180.0,138.0,1218_HS_005
76,64923,101.0,154.03960396039605,177.0,140.0,1218_HS_005
77,65071,250.0,154.304,175.0,135.0,1218_HS_005
78,65261,104.0,154.95192307692307,177.0,140.0,1218_HS_005
79,65265,218.0,154.55963302752295,177.0,137.0,1218_HS_005
80,65442,246.0,154.46747967479675,183.0,139.0,1218_HS_005
81,65661,174.0,154.36206896551724,174.0,137.0,1218_HS_005
82,65857,560.0,155.0,181.0,138.0,1218_HS_005
83,66843,207.0,154.3719806763285,175.0,138.0,1218_HS_005
84,66996,226.0,154.23008849557522,171.0,139.0,1218_HS_005
85,66998,129.0,154.89147286821705,181.0,140.0,1218_HS_005
86,67060,149.0,154.34228187919464,174.0,141.0,1218_HS_005
87,67170,204.0,153.44117647058823,171.0,139.0,1218_HS_005
88,67250,191.0,154.30366492146598,196.0,139.0,1218_HS_005
89,67331,249.0,154.70682730923696,189.0,140.0,1218_HS_005
90,67514,228.0,154.31578947368422,177.0,134.0,1218_HS_005
91,69117,125.0,153.904,171.0,136.0,1218_HS_005
92,69196,173.0,153.57803468208093,177.0,140.0,1218_HS_005
93,69713,121.0,155.3388429752066,199.0,142.0,1218_HS_005
94,70467,112.0,154.47321428571428,178.0,142.0,1218_HS_005
95,71723,196.0,153.73979591836735,182.0,137.0,1218_HS_005
96,72088,110.0,154.1727272727273,188.0,139.0,1218_HS_005
97,72268,134.0,153.92537313432837,174.0,138.0,1218_HS_005
98,72713,133.0,154.78947368421052,182.0,137.0,1218_HS_005
99,74248,133.0,154.45112781954887,174.0,133.0,1218_HS_005
100,75573,217.0,154.35023041474653,181.0,140.0,1218_HS_005
101,75578,215.0,153.70697674418605,178.0,137.0,1218_HS_005
102,75988,119.0,153.34453781512605,172.0,138.0,1218_HS_005
103,76413,105.0,153.71428571428572,176.0,135.0,1218_HS_005
104,76808,458.0,154.43449781659388,196.0,139.0,1218_HS_005
105,77198,151.0,153.82119205298014,171.0,141.0,1218_HS_005
106,77994,101.0,154.3960396039604,173.0,140.0,1218_HS_005
107,78589,114.0,156.06140350877192,190.0,144.0,1218_HS_005
108,79287,129.0,153.87596899224806,178.0,139.0,1218_HS_005
109,80860,323.0,154.45201238390092,215.0,135.0,1218_HS_005
110,81622,533.0,153.9906191369606,184.0,137.0,1218_HS_005
111,81827,143.0,154.17482517482517,228.0,140.0,1218_HS_005
112,81900,108.0,153.53703703703704,174.0,138.0,1218_HS_005
113,81912,553.0,154.09945750452079,192.0,138.0,1218_HS_005
114,82167,357.0,155.0532212885154,197.0,137.0,1218_HS_005
115,82885,418.0,154.60287081339712,179.0,139.0,1218_HS_005
116,83533,362.0,154.69060773480663,195.0,138.0,1218_HS_005
117,84431,131.0,153.84732824427482,191.0,138.0,1218_HS_005
118,84614,213.0,154.46478873239437,181.0,139.0,1218_HS_005
119,84621,268.0,153.7462686567164,180.0,139.0,1218_HS_005
120,85021,230.0,153.66521739130434,182.0,137.0,1218_HS_005
121,85087,100.0,153.87,184.0,139.0,1218_HS_005
122,85554,153.0,153.64705882352942,171.0,140.0,1218_HS_005
123,85770,237.0,154.51898734177215,188.0,138.0,1218_HS_005
124,85924,238.0,154.06302521008402,170.0,137.0,1218_HS_005
125,86020,313.0,155.14376996805112,179.0,137.0,1218_HS_005
126,86175,278.0,154.14028776978418,184.0,135.0,1218_HS_005
127,86432,199.0,154.82412060301507,182.0,136.0,1218_HS_005
128,86433,117.0,153.7948717948718,181.0,140.0,1218_HS_005
129,86620,132.0,154.52272727272728,181.0,138.0,1218_HS_005
130,86694,106.0,153.1509433962264,170.0,140.0,1218_HS_005
131,86872,195.0,153.86666666666667,192.0,141.0,1218_HS_005
132,87409,161.0,154.5776397515528,177.0,139.0,1218_HS_005
133,87492,449.0,154.24944320712694,180.0,139.0,1218_HS_005
134,88560,301.0,154.81063122923587,204.0,137.0,1218_HS_005
135,89212,373.0,154.35120643431637,217.0,138.0,1218_HS_005
136,89417,147.0,153.843537414966,176.0,134.0,1218_HS_005
137,89442,191.0,154.83769633507853,187.0,140.0,1218_HS_005
138,90022,119.0,153.60504201680672,176.0,139.0,1218_HS_005
139,90262,291.0,154.8109965635739,183.0,133.0,1218_HS_005
140,90844,124.0,153.7741935483871,187.0,142.0,1218_HS_005
141,91010,153.0,154.13725490196077,170.0,139.0,1218_HS_005
142,91191,188.0,153.98936170212767,189.0,140.0,1218_HS_005
143,91635,189.0,154.1005291005291,186.0,139.0,1218_HS_005
144,92468,312.0,154.5352564102564,198.0,141.0,1218_HS_005
145,92957,223.0,155.2152466367713,180.0,133.0,1218_HS_005
146,93048,103.0,153.39805825242718,181.0,136.0,1218_HS_005
147,93501,156.0,154.0448717948718,199.0,139.0,1218_HS_005
148,93605,122.0,153.55737704918033,185.0,139.0,1218_HS_005
149,93779,156.0,153.4102564102564,179.0,138.0,1218_HS_005
150,94380,137.0,154.1094890510949,179.0,137.0,1218_HS_005
151,94863,755.0,154.5245033112583,190.0,137.0,1218_HS_005
152,94936,328.0,154.33536585365854,179.0,140.0,1218_HS_005
153,95153,185.0,154.75675675675674,178.0,140.0,1218_HS_005
154,95156,478.0,154.10041841004184,178.0,138.0,1218_HS_005
155,95160,213.0,154.7981220657277,191.0,139.0,1218_HS_005
156,95445,130.0,154.3,172.0,140.0,1218_HS_005
157,95461,140.0,154.1,195.0,137.0,1218_HS_005
158,96005,182.0,154.75824175824175,189.0,137.0,1218_HS_005
159,96123,131.0,154.93129770992365,182.0,139.0,1218_HS_005
160,96741,389.0,153.70694087403598,178.0,136.0,1218_HS_005
161,97195,225.0,153.6888888888889,181.0,135.0,1218_HS_005
162,97285,166.0,153.46987951807228,202.0,139.0,1218_HS_005
163,97365,246.0,153.41463414634146,176.0,133.0,1218_HS_005
164,97405,242.0,154.2479338842975,179.0,139.0,1218_HS_005
165,97747,172.0,154.00581395348837,175.0,139.0,1218_HS_005
166,97833,183.0,154.18032786885246,184.0,138.0,1218_HS_005
167,98559,325.0,153.75692307692307,186.0,138.0,1218_HS_005
168,98565,624.0,154.24839743589743,187.0,139.0,1218_HS_005
169,98850,202.0,153.54950495049505,170.0,139.0,1218_HS_005
170,99072,1657.0,154.61798430899216,203.0,137.0,1218_HS_005
171,99074,218.0,153.89908256880733,183.0,140.0,1218_HS_005
172,99095,226.0,154.25221238938053,173.0,140.0,1218_HS_005
173,99171,108.0,153.11111111111111,164.0,141.0,1218_HS_005
174,99217,112.0,154.24107142857142,170.0,143.0,1218_HS_005
175,99434,135.0,154.33333333333334,174.0,140.0,1218_HS_005
176,99838,313.0,154.1373801916933,189.0,138.0,1218_HS_005
177,99878,369.0,154.1029810298103,188.0,139.0,1218_HS_005
178,100237,286.0,154.0734265734266,182.0,135.0,1218_HS_005
179,100244,139.0,154.26618705035972,175.0,142.0,1218_HS_005
180,100305,226.0,154.41592920353983,221.0,136.0,1218_HS_005
181,100686,195.0,154.25128205128206,192.0,141.0,1218_HS_005
182,101059,105.0,153.92380952380952,175.0,137.0,1218_HS_005
183,101100,293.0,153.8976109215017,204.0,138.0,1218_HS_005
184,101341,326.0,154.42944785276075,200.0,135.0,1218_HS_005
185,101609,213.0,153.6338028169014,189.0,139.0,1218_HS_005
186,101734,249.0,153.6586345381526,190.0,139.0,1218_HS_005
187,101738,533.0,154.40337711069418,185.0,140.0,1218_HS_005
188,101829,192.0,154.28125,171.0,137.0,1218_HS_005
189,101851,226.0,154.2920353982301,181.0,138.0,1218_HS_005
190,101852,123.0,153.4308943089431,182.0,139.0,1218_HS_005
191,101992,203.0,154.1576354679803,212.0,127.0,1218_HS_005
192,102055,270.0,154.7111111111111,198.0,135.0,1218_HS_005
193,102233,330.0,154.25757575757575,198.0,137.0,1218_HS_005
194,102266,143.0,154.43356643356643,182.0,141.0,1218_HS_005
195,102503,172.0,155.0581395348837,212.0,142.0,1218_HS_005
196,102599,757.0,154.6895640686922,184.0,135.0,1218_HS_005
197,102672,124.0,154.34677419354838,173.0,138.0,1218_HS_005
198,102684,239.0,154.43933054393307,193.0,141.0,1218_HS_005
199,102846,110.0,154.05454545454546,189.0,140.0,1218_HS_005
200,103007,105.0,154.4952380952381,187.0,137.0,1218_HS_005
201,103031,352.0,154.3068181818182,188.0,137.0,1218_HS_005
202,103236,146.0,155.04794520547946,181.0,140.0,1218_HS_005
203,103655,245.0,154.45714285714286,184.0,139.0,1218_HS_005
204,104118,110.0,154.45454545454547,189.0,140.0,1218_HS_005
205,104716,132.0,154.27272727272728,172.0,131.0,1218_HS_005
206,104722,162.0,155.09876543209876,177.0,136.0,1218_HS_005
0,38,121.0,270.6611570247934,336.0,225.0,1218_HS_002
1,41,108.0,292.49074074074076,364.0,214.0,1218_HS_002
0,10,166.0,311.81325301204816,392.0,258.0,1218_HS_001
0,4,132.0,293.2651515151515,350.0,256.0,1218_HS_006
0,15,143.0,153.4265734265734,175.0,140.0,1218_HS_008
1,16,261.0,154.13409961685824,180.0,140.0,1218_HS_008
2,20,207.0,153.55072463768116,177.0,138.0,1218_HS_008
3,23,156.0,153.93589743589743,213.0,135.0,1218_HS_008
4,182,137.0,154.05109489051094,180.0,139.0,1218_HS_008
5,197,102.0,155.91176470588235,189.0,143.0,1218_HS_008
6,505,167.0,153.77245508982037,169.0,136.0,1218_HS_008
7,923,109.0,153.14678899082568,175.0,139.0,1218_HS_008
8,1334,322.0,154.3416149068323,197.0,137.0,1218_HS_008
9,2208,159.0,154.44025157232704,182.0,138.0,1218_HS_008
10,2311,139.0,154.11510791366908,183.0,140.0,1218_HS_008
11,2902,212.0,154.1179245283019,171.0,140.0,1218_HS_008
12,3331,246.0,154.6382113821138,182.0,138.0,1218_HS_008
13,3408,140.0,154.60714285714286,183.0,138.0,1218_HS_008
14,3585,134.0,154.92537313432837,184.0,139.0,1218_HS_008
15,4044,130.0,153.7923076923077,167.0,140.0,1218_HS_008
16,4132,121.0,153.41322314049586,167.0,140.0,1218_HS_008
17,5615,177.0,154.42937853107344,180.0,137.0,1218_HS_008
18,5972,195.0,154.27692307692308,177.0,136.0,1218_HS_008
19,6296,111.0,154.2972972972973,180.0,138.0,1218_HS_008
20,6848,133.0,154.0751879699248,196.0,139.0,1218_HS_008
21,7199,148.0,153.56756756756758,177.0,140.0,1218_HS_008
22,7859,108.0,154.87962962962962,179.0,140.0,1218_HS_008
23,7946,154.0,154.48701298701297,179.0,140.0,1218_HS_008
24,8124,188.0,154.2287234042553,175.0,137.0,1218_HS_008
25,8849,188.0,153.94148936170214,176.0,136.0,1218_HS_008
26,9011,116.0,154.20689655172413,177.0,139.0,1218_HS_008
27,9015,679.0,154.41826215022093,209.0,135.0,1218_HS_008
28,9025,513.0,153.94346978557505,191.0,139.0,1218_HS_008
29,9113,250.0,153.38,177.0,138.0,1218_HS_008
30,9201,108.0,153.87037037037038,177.0,138.0,1218_HS_008
31,9665,230.0,154.50434782608696,183.0,133.0,1218_HS_008
32,11101,230.0,153.98260869565217,178.0,132.0,1218_HS_008
33,12500,153.0,153.98039215686273,174.0,139.0,1218_HS_008
34,12669,222.0,154.26126126126127,178.0,136.0,1218_HS_008
35,13257,173.0,153.9479768786127,177.0,136.0,1218_HS_008
36,13347,109.0,154.75229357798165,195.0,139.0,1218_HS_008
37,15411,199.0,154.16582914572865,184.0,139.0,1218_HS_008
38,15414,117.0,153.76923076923077,180.0,137.0,1218_HS_008
39,17579,128.0,154.234375,179.0,138.0,1218_HS_008
40,18766,119.0,154.23529411764707,175.0,142.0,1218_HS_008
41,22833,141.0,154.29787234042553,178.0,137.0,1218_HS_008
42,47359,106.0,154.58490566037736,178.0,143.0,1218_HS_008
43,47882,106.0,153.5,176.0,135.0,1218_HS_008
44,48625,280.0,154.06428571428572,188.0,135.0,1218_HS_008
45,48854,137.0,153.77372262773721,190.0,140.0,1218_HS_008
46,51713,187.0,153.32620320855614,178.0,142.0,1218_HS_008
47,51778,112.0,154.72321428571428,181.0,138.0,1218_HS_008
48,53136,150.0,154.24,180.0,133.0,1218_HS_008
49,55280,117.0,153.89743589743588,195.0,139.0,1218_HS_008
50,59679,128.0,153.171875,178.0,139.0,1218_HS_008
51,59917,104.0,154.42307692307693,179.0,143.0,1218_HS_008
52,60356,120.0,153.7,170.0,139.0,1218_HS_008
53,60597,197.0,154.4771573604061,194.0,132.0,1218_HS_008
54,73568,167.0,154.32335329341316,173.0,140.0,1218_HS_008
55,73668,114.0,154.12280701754386,170.0,138.0,1218_HS_008
56,73858,120.0,153.7,172.0,139.0,1218_HS_008
57,74068,117.0,153.51282051282053,169.0,140.0,1218_HS_008
58,75275,115.0,154.1391304347826,187.0,139.0,1218_HS_008
59,77072,114.0,153.7982456140351,172.0,141.0,1218_HS_008
60,78259,111.0,153.38738738738738,182.0,138.0,1218_HS_008
61,80356,111.0,154.55855855855856,178.0,141.0,1218_HS_008
62,80640,103.0,154.45631067961165,205.0,138.0,1218_HS_008
63,81410,182.0,154.17582417582418,196.0,137.0,1218_HS_008
64,83849,182.0,153.03296703296704,168.0,138.0,1218_HS_008
65,84965,111.0,152.92792792792793,182.0,138.0,1218_HS_008
66,85304,121.0,153.38842975206612,174.0,134.0,1218_HS_008
67,87134,121.0,154.01652892561984,183.0,135.0,1218_HS_008
68,87519,111.0,154.07207207207207,167.0,137.0,1218_HS_008
69,88482,174.0,153.8735632183908,198.0,142.0,1218_HS_008
70,89609,128.0,153.9375,191.0,142.0,1218_HS_008
71,91192,297.0,154.2020202020202,195.0,139.0,1218_HS_008
72,91246,258.0,154.3953488372093,185.0,137.0,1218_HS_008
73,91526,165.0,154.03636363636363,169.0,139.0,1218_HS_008
74,91886,315.0,154.0920634920635,176.0,137.0,1218_HS_008
75,92251,751.0,154.13715046604528,195.0,132.0,1218_HS_008
76,92372,188.0,153.29787234042553,167.0,138.0,1218_HS_008
77,93703,117.0,153.66666666666666,194.0,137.0,1218_HS_008
78,93836,180.0,153.7888888888889,184.0,140.0,1218_HS_008
79,94455,569.0,154.27240773286468,181.0,137.0,1218_HS_008
80,95108,101.0,154.21782178217822,173.0,139.0,1218_HS_008
81,95578,702.0,154.1039886039886,188.0,139.0,1218_HS_008
82,95903,205.0,154.38536585365853,174.0,133.0,1218_HS_008
83,96106,519.0,154.36030828516377,201.0,133.0,1218_HS_008
84,97419,138.0,153.7463768115942,168.0,139.0,1218_HS_008
85,98618,421.0,153.90498812351544,203.0,135.0,1218_HS_008
86,98744,114.0,153.69298245614036,185.0,143.0,1218_HS_008
87,98971,174.0,154.58620689655172,185.0,137.0,1218_HS_008
88,99106,191.0,153.5497382198953,175.0,133.0,1218_HS_008
89,99545,164.0,154.1951219512195,208.0,137.0,1218_HS_008
90,99685,152.0,154.31578947368422,185.0,137.0,1218_HS_008
91,100302,197.0,154.98984771573603,182.0,140.0,1218_HS_008
92,100788,102.0,154.80392156862746,177.0,136.0,1218_HS_008
93,101793,416.0,154.4375,228.0,139.0,1218_HS_008
94,102136,195.0,153.83589743589744,174.0,135.0,1218_HS_008
95,104272,318.0,154.36477987421384,185.0,139.0,1218_HS_008
96,104383,110.0,154.14545454545456,186.0,139.0,1218_HS_008
97,104578,170.0,153.8470588235294,172.0,140.0,1218_HS_008
98,104585,149.0,153.5234899328859,177.0,139.0,1218_HS_008
99,104781,270.0,154.2962962962963,187.0,134.0,1218_HS_008
100,105317,149.0,154.34228187919464,205.0,142.0,1218_HS_008
101,106086,736.0,154.6086956521739,190.0,134.0,1218_HS_008
102,106282,167.0,154.5868263473054,207.0,139.0,1218_HS_008
103,108299,228.0,154.3201754385965,187.0,140.0,1218_HS_008
104,109564,142.0,154.46478873239437,172.0,142.0,1218_HS_008
105,109661,204.0,153.94607843137254,174.0,137.0,1218_HS_008
106,109897,108.0,153.1851851851852,198.0,141.0,1218_HS_008
107,110098,247.0,153.95546558704453,181.0,140.0,1218_HS_008
108,110669,137.0,154.43795620437956,174.0,139.0,1218_HS_008
109,110838,140.0,154.85714285714286,188.0,142.0,1218_HS_008
110,110841,236.0,154.52966101694915,202.0,141.0,1218_HS_008
111,111590,177.0,154.89265536723164,177.0,142.0,1218_HS_008
112,111692,345.0,154.43188405797102,199.0,137.0,1218_HS_008
113,111974,513.0,154.53801169590642,228.0,134.0,1218_HS_008
114,113041,148.0,153.6283783783784,178.0,138.0,1218_HS_008
115,113226,106.0,153.43396226415095,182.0,134.0,1218_HS_008
116,113427,129.0,154.41860465116278,175.0,142.0,1218_HS_008
117,113815,190.0,153.36315789473684,169.0,138.0,1218_HS_008
118,114507,506.0,154.14822134387353,213.0,137.0,1218_HS_008
119,114663,154.0,153.87662337662337,198.0,140.0,1218_HS_008
120,115215,103.0,153.84466019417476,183.0,141.0,1218_HS_008
121,115227,147.0,155.28571428571428,183.0,142.0,1218_HS_008
122,115252,137.0,155.28467153284672,200.0,136.0,1218_HS_008
123,115366,291.0,154.37113402061857,176.0,137.0,1218_HS_008
124,115385,131.0,153.31297709923663,174.0,138.0,1218_HS_008
125,115440,171.0,154.76023391812865,176.0,143.0,1218_HS_008
126,115527,159.0,154.59748427672955,178.0,138.0,1218_HS_008
127,115623,101.0,153.73267326732673,170.0,138.0,1218_HS_008
128,116388,113.0,154.26548672566372,180.0,140.0,1218_HS_008
129,116544,162.0,155.00617283950618,203.0,139.0,1218_HS_008
130,116546,202.0,154.5148514851485,174.0,140.0,1218_HS_008
131,116928,100.0,153.82,176.0,137.0,1218_HS_008
132,117012,109.0,153.87155963302752,185.0,139.0,1218_HS_008
133,117098,108.0,154.64814814814815,187.0,139.0,1218_HS_008
134,117387,117.0,154.27350427350427,200.0,139.0,1218_HS_008
135,118051,142.0,155.20422535211267,180.0,139.0,1218_HS_008
136,118429,200.0,154.13,174.0,141.0,1218_HS_008
137,118520,340.0,154.37058823529412,198.0,139.0,1218_HS_008
138,118936,227.0,154.13215859030836,178.0,139.0,1218_HS_008
139,118968,438.0,154.04794520547946,180.0,137.0,1218_HS_008
140,119145,117.0,153.1196581196581,174.0,133.0,1218_HS_008
141,119148,136.0,154.4264705882353,175.0,139.0,1218_HS_008
142,119217,145.0,153.59310344827585,184.0,139.0,1218_HS_008
143,119256,634.0,153.98107255520506,199.0,136.0,1218_HS_008
144,119310,136.0,153.61764705882354,167.0,140.0,1218_HS_008
145,119402,702.0,154.44017094017093,186.0,134.0,1218_HS_008
146,119584,602.0,154.49501661129568,193.0,139.0,1218_HS_008
147,119587,478.0,153.9267782426778,202.0,134.0,1218_HS_008
148,119684,109.0,153.3119266055046,182.0,139.0,1218_HS_008
149,119855,709.0,154.2919605077574,194.0,136.0,1218_HS_008
150,119878,244.0,154.65983606557376,185.0,136.0,1218_HS_008
151,119938,292.0,154.07534246575344,181.0,137.0,1218_HS_008
152,120021,137.0,154.08029197080293,182.0,141.0,1218_HS_008
153,120073,180.0,153.75555555555556,182.0,138.0,1218_HS_008
154,120260,159.0,154.32075471698113,174.0,140.0,1218_HS_008
155,120276,194.0,154.34536082474227,190.0,140.0,1218_HS_008
156,120410,302.0,154.2251655629139,230.0,139.0,1218_HS_008
157,120414,116.0,154.57758620689654,172.0,143.0,1218_HS_008
158,120448,167.0,153.25149700598803,167.0,132.0,1218_HS_008
159,120508,105.0,153.32380952380953,166.0,139.0,1218_HS_008
160,120568,194.0,154.4020618556701,179.0,141.0,1218_HS_008
161,120796,260.0,154.13846153846154,189.0,137.0,1218_HS_008
162,120974,119.0,154.50420168067228,173.0,139.0,1218_HS_008
163,121049,186.0,154.45698924731184,190.0,142.0,1218_HS_008
164,121097,1791.0,154.36571747627025,211.0,134.0,1218_HS_008
165,121269,114.0,153.51754385964912,209.0,137.0,1218_HS_008
166,121408,110.0,154.04545454545453,170.0,138.0,1218_HS_008
167,121476,511.0,154.03913894324853,179.0,135.0,1218_HS_008
168,121542,202.0,153.62871287128712,180.0,137.0,1218_HS_008
169,121778,123.0,153.83739837398375,171.0,138.0,1218_HS_008
170,121834,182.0,153.82967032967034,182.0,140.0,1218_HS_008
171,121892,110.0,154.1818181818182,177.0,137.0,1218_HS_008
172,121923,193.0,154.09326424870466,175.0,138.0,1218_HS_008
173,122092,203.0,154.00492610837438,177.0,137.0,1218_HS_008
174,122094,155.0,155.03225806451613,210.0,138.0,1218_HS_008
175,122125,273.0,154.27106227106228,188.0,140.0,1218_HS_008
176,122162,289.0,154.17993079584775,195.0,138.0,1218_HS_008
177,122221,1075.0,154.29302325581395,192.0,137.0,1218_HS_008
178,122334,140.0,153.64285714285714,195.0,132.0,1218_HS_008
179,122450,1059.0,154.21718602455147,189.0,131.0,1218_HS_008
180,122572,292.0,154.10616438356163,180.0,138.0,1218_HS_008
181,122602,555.0,154.89549549549548,185.0,137.0,1218_HS_008
182,122606,305.0,154.59016393442624,176.0,139.0,1218_HS_008
183,122647,353.0,154.17847025495752,196.0,138.0,1218_HS_008
184,122652,291.0,154.07903780068727,175.0,139.0,1218_HS_008
185,122782,240.0,154.29583333333332,184.0,137.0,1218_HS_008
186,122811,139.0,154.2158273381295,176.0,139.0,1218_HS_008
187,122818,175.0,155.72571428571428,176.0,138.0,1218_HS_008
188,123137,126.0,154.3015873015873,186.0,138.0,1218_HS_008
189,123167,121.0,154.4214876033058,189.0,141.0,1218_HS_008
190,123216,187.0,154.87700534759358,188.0,138.0,1218_HS_008
191,123238,312.0,154.32692307692307,195.0,139.0,1218_HS_008
192,123257,158.0,154.53164556962025,188.0,135.0,1218_HS_008
193,123272,442.0,154.43665158371041,196.0,139.0,1218_HS_008
194,123338,1541.0,154.3471771576898,186.0,134.0,1218_HS_008
195,123401,152.0,153.33552631578948,176.0,138.0,1218_HS_008
196,123439,142.0,154.95774647887325,187.0,142.0,1218_HS_008
197,123478,125.0,155.832,182.0,135.0,1218_HS_008
198,123498,102.0,153.07843137254903,173.0,139.0,1218_HS_008
199,123657,1090.0,154.3348623853211,203.0,130.0,1218_HS_008
200,123697,380.0,154.30789473684212,180.0,137.0,1218_HS_008
201,123727,263.0,154.60836501901142,175.0,140.0,1218_HS_008
202,123748,1080.0,154.49814814814815,189.0,138.0,1218_HS_008
203,123753,135.0,155.4962962962963,206.0,143.0,1218_HS_008
204,123842,114.0,153.41228070175438,168.0,140.0,1218_HS_008
205,123938,171.0,154.3918128654971,183.0,136.0,1218_HS_008
206,124026,1127.0,154.45164152617568,203.0,136.0,1218_HS_008
207,124034,143.0,153.2097902097902,175.0,139.0,1218_HS_008
208,124063,679.0,154.25331369661268,194.0,137.0,1218_HS_008
209,124147,212.0,154.0,177.0,137.0,1218_HS_008
210,124232,136.0,154.46323529411765,192.0,130.0,1218_HS_008
211,124318,273.0,154.55677655677655,175.0,141.0,1218_HS_008
212,124425,313.0,154.2555910543131,205.0,137.0,1218_HS_008
213,124494,591.0,154.21827411167513,185.0,133.0,1218_HS_008
214,124519,536.0,154.09888059701493,201.0,137.0,1218_HS_008
215,124524,230.0,154.7826086956522,189.0,139.0,1218_HS_008
216,124545,105.0,154.59047619047618,186.0,137.0,1218_HS_008
217,124547,779.0,154.3658536585366,186.0,137.0,1218_HS_008
218,124648,158.0,154.873417721519,185.0,139.0,1218_HS_008
219,124709,199.0,154.75879396984925,178.0,141.0,1218_HS_008
220,124800,154.0,154.6883116883117,173.0,134.0,1218_HS_008
221,124879,372.0,154.20698924731184,187.0,137.0,1218_HS_008
222,124926,187.0,154.20320855614975,171.0,137.0,1218_HS_008
223,124944,1064.0,154.4859022556391,210.0,136.0,1218_HS_008
224,124977,131.0,154.8854961832061,186.0,137.0,1218_HS_008
225,125094,189.0,154.44444444444446,188.0,140.0,1218_HS_008
226,125128,483.0,154.1801242236025,194.0,133.0,1218_HS_008
227,125149,230.0,153.4391304347826,199.0,135.0,1218_HS_008
228,125213,306.0,154.05555555555554,174.0,139.0,1218_HS_008
229,125218,118.0,153.5084745762712,169.0,135.0,1218_HS_008
230,125290,528.0,154.47537878787878,220.0,136.0,1218_HS_008
231,125327,152.0,153.875,170.0,139.0,1218_HS_008
232,125400,227.0,154.41409691629957,180.0,135.0,1218_HS_008
233,125582,100.0,155.35,189.0,139.0,1218_HS_008
234,125618,377.0,154.29973474801062,179.0,138.0,1218_HS_008
235,125744,123.0,154.9349593495935,189.0,144.0,1218_HS_008
236,125748,183.0,153.68852459016392,171.0,130.0,1218_HS_008
237,125758,319.0,154.19435736677116,198.0,135.0,1218_HS_008
238,125884,170.0,154.3294117647059,181.0,136.0,1218_HS_008
239,125930,172.0,154.28488372093022,186.0,137.0,1218_HS_008
240,125990,108.0,153.39814814814815,174.0,142.0,1218_HS_008
241,126016,125.0,154.664,174.0,139.0,1218_HS_008
242,126024,110.0,154.51818181818183,182.0,141.0,1218_HS_008
243,126026,182.0,154.62087912087912,182.0,139.0,1218_HS_008
244,126051,110.0,155.15454545454546,195.0,140.0,1218_HS_008
0,1,2727.0,498.57095709570956,944.0,257.0,1218_HS_019
0,1,2155.0,499.9429234338747,858.0,275.0,1218_HS_017
0,3,264.0,296.14772727272725,350.0,238.0,1218_HS_010
1,13,231.0,297.13419913419915,362.0,240.0,1218_HS_010
2,23,194.0,285.9896907216495,335.0,228.0,1218_HS_010
3,30,103.0,282.58252427184465,333.0,240.0,1218_HS_010
0,1,774.0,400.5232558139535,590.0,261.0,1218_HS_009
1,3,933.0,524.4930332261522,792.0,269.0,1218_HS_009
0,1,1818.0,559.3085808580859,894.0,307.0,1218_HS_007
0,1,1409.0,708.0908445706175,1216.0,344.0,1218_HS_011
1,3,1755.0,586.3287749287749,975.0,343.0,1218_HS_011
0,1730,120.0,164.75833333333333,187.0,150.0,1218_HS_016
1,2186,134.0,165.09701492537314,226.0,148.0,1218_HS_016
2,2189,378.0,165.03703703703704,214.0,146.0,1218_HS_016
3,2530,121.0,163.61157024793388,192.0,148.0,1218_HS_016
4,2882,198.0,164.65656565656565,187.0,146.0,1218_HS_016
5,3085,100.0,164.3,187.0,144.0,1218_HS_016
6,3808,115.0,164.84347826086957,195.0,149.0,1218_HS_016
7,4229,227.0,164.78854625550662,196.0,148.0,1218_HS_016
8,5059,104.0,164.09615384615384,186.0,147.0,1218_HS_016
9,5144,200.0,164.615,184.0,147.0,1218_HS_016
10,6206,208.0,166.0,198.0,151.0,1218_HS_016
11,6740,574.0,165.90766550522648,199.0,144.0,1218_HS_016
12,7714,102.0,163.6078431372549,185.0,147.0,1218_HS_016
13,9190,111.0,163.8918918918919,190.0,149.0,1218_HS_016
14,9519,108.0,164.5648148148148,189.0,148.0,1218_HS_016
15,10698,154.0,164.53896103896105,188.0,150.0,1218_HS_016
16,11215,214.0,164.87383177570092,190.0,148.0,1218_HS_016
17,12249,161.0,165.11801242236024,188.0,149.0,1218_HS_016
18,12900,100.0,164.42,181.0,148.0,1218_HS_016
19,14239,101.0,164.86138613861385,189.0,149.0,1218_HS_016
20,14902,224.0,164.66517857142858,198.0,148.0,1218_HS_016
21,15590,163.0,165.58895705521473,200.0,148.0,1218_HS_016
22,18664,179.0,164.52513966480447,190.0,144.0,1218_HS_016
23,19569,184.0,165.07065217391303,189.0,149.0,1218_HS_016
24,19799,282.0,164.90070921985816,192.0,146.0,1218_HS_016
25,20148,122.0,164.91803278688525,191.0,149.0,1218_HS_016
26,20192,121.0,164.77685950413223,206.0,149.0,1218_HS_016
27,21162,139.0,164.66187050359713,185.0,147.0,1218_HS_016
28,22786,224.0,168.00892857142858,202.0,146.0,1218_HS_016
29,24808,210.0,164.78095238095239,195.0,143.0,1218_HS_016
30,25311,144.0,163.93055555555554,191.0,147.0,1218_HS_016
31,25461,125.0,163.792,180.0,142.0,1218_HS_016
32,25740,109.0,165.1651376146789,191.0,145.0,1218_HS_016
33,25979,426.0,164.50469483568074,192.0,147.0,1218_HS_016
34,26262,326.0,164.64110429447854,195.0,146.0,1218_HS_016
35,26704,137.0,164.1021897810219,183.0,152.0,1218_HS_016
36,26737,207.0,165.09661835748793,191.0,148.0,1218_HS_016
37,26889,290.0,164.9,188.0,151.0,1218_HS_016
38,26916,195.0,165.16923076923078,195.0,146.0,1218_HS_016
39,27090,153.0,163.9281045751634,185.0,143.0,1218_HS_016
40,27185,109.0,164.27522935779817,195.0,148.0,1218_HS_016
41,27303,154.0,165.1818181818182,199.0,150.0,1218_HS_016
42,27336,134.0,164.57462686567163,195.0,150.0,1218_HS_016
43,27381,238.0,165.10504201680672,188.0,146.0,1218_HS_016
44,27409,141.0,165.41843971631207,193.0,148.0,1218_HS_016
45,27598,239.0,164.418410041841,203.0,144.0,1218_HS_016
46,27801,165.0,165.35151515151514,225.0,150.0,1218_HS_016
47,27837,689.0,164.644412191582,217.0,138.0,1218_HS_016
48,27909,105.0,163.21904761904761,183.0,148.0,1218_HS_016
49,28103,112.0,164.35714285714286,181.0,140.0,1218_HS_016
50,28143,143.0,165.5174825174825,189.0,151.0,1218_HS_016
51,28208,199.0,164.643216080402,184.0,144.0,1218_HS_016
52,28295,413.0,164.71428571428572,194.0,146.0,1218_HS_016
53,28317,233.0,164.8755364806867,216.0,145.0,1218_HS_016
54,28704,129.0,164.19379844961242,198.0,148.0,1218_HS_016
55,28806,850.0,165.40117647058824,215.0,145.0,1218_HS_016
56,28870,189.0,164.75661375661375,205.0,148.0,1218_HS_016
57,28875,165.0,163.54545454545453,200.0,150.0,1218_HS_016
58,28936,112.0,165.91964285714286,200.0,149.0,1218_HS_016
59,29052,129.0,163.7906976744186,179.0,148.0,1218_HS_016
60,29379,112.0,164.08928571428572,179.0,149.0,1218_HS_016
61,29433,208.0,164.59134615384616,191.0,148.0,1218_HS_016
62,29574,121.0,164.5702479338843,221.0,150.0,1218_HS_016
63,29621,468.0,165.2457264957265,193.0,146.0,1218_HS_016
64,29648,263.0,164.3079847908745,193.0,148.0,1218_HS_016
65,29695,228.0,164.87280701754386,193.0,151.0,1218_HS_016
66,29844,290.0,164.63793103448276,198.0,147.0,1218_HS_016
67,29930,1397.0,164.7680744452398,202.0,140.0,1218_HS_016
68,30049,241.0,165.80497925311204,205.0,149.0,1218_HS_016
69,30079,119.0,164.7563025210084,179.0,144.0,1218_HS_016
70,30503,167.0,164.23353293413174,183.0,146.0,1218_HS_016
71,30613,207.0,164.20772946859904,191.0,148.0,1218_HS_016
72,30673,231.0,164.0909090909091,185.0,141.0,1218_HS_016
73,30817,254.0,165.60629921259843,210.0,144.0,1218_HS_016
74,31023,306.0,164.78758169934642,200.0,146.0,1218_HS_016
75,31673,139.0,165.30935251798562,201.0,150.0,1218_HS_016
76,32727,109.0,163.9724770642202,181.0,144.0,1218_HS_016
77,32893,104.0,164.26923076923077,190.0,146.0,1218_HS_016
78,33028,117.0,164.66666666666666,204.0,150.0,1218_HS_016
79,33212,125.0,164.824,182.0,150.0,1218_HS_016
80,33619,113.0,164.24778761061947,194.0,145.0,1218_HS_016
81,34388,146.0,165.08219178082192,194.0,146.0,1218_HS_016
82,34469,205.0,165.37560975609756,204.0,149.0,1218_HS_016
83,34664,152.0,163.77631578947367,186.0,145.0,1218_HS_016
84,34948,164.0,164.4512195121951,184.0,138.0,1218_HS_016
85,35118,168.0,165.51785714285714,188.0,144.0,1218_HS_016
86,35150,105.0,163.53333333333333,199.0,139.0,1218_HS_016
87,35191,124.0,164.36290322580646,180.0,148.0,1218_HS_016
88,35263,282.0,164.47517730496455,191.0,144.0,1218_HS_016
89,42792,169.0,164.0473372781065,205.0,151.0,1218_HS_016
90,43615,123.0,165.3008130081301,181.0,150.0,1218_HS_016
91,44705,115.0,164.43478260869566,188.0,146.0,1218_HS_016
92,44880,209.0,163.74641148325358,197.0,146.0,1218_HS_016
93,46616,141.0,164.00709219858157,188.0,148.0,1218_HS_016
94,47283,203.0,163.55665024630542,178.0,145.0,1218_HS_016
95,47918,206.0,164.24757281553397,185.0,143.0,1218_HS_016
96,48277,113.0,163.46017699115043,185.0,143.0,1218_HS_016
97,48697,101.0,166.0,203.0,151.0,1218_HS_016
98,48869,161.0,164.96273291925465,201.0,149.0,1218_HS_016
0,1,1352.0,558.3772189349113,889.0,293.0,1218_HS_018
0,1,2310.0,740.9935064935065,1112.0,402.0,1116_HS_014
0,1,2480.0,822.3036290322581,1451.0,366.0,1116_HS_013
1,2,1576.0,561.0678934010152,781.0,389.0,1116_HS_013
0,1,1825.0,673.3709589041096,1032.0,360.0,1116_HS_002
0,1,898.0,695.5389755011136,1039.0,415.0,1116_HS_005
1,2,1008.0,709.8482142857143,1075.0,396.0,1116_HS_005
0,1,1501.0,876.2051965356429,1448.0,450.0,1116_HS_020
0,2,2391.0,739.8373065662903,1170.0,395.0,1116_HS_012
0,1,1411.0,1154.181431608788,1748.0,597.0,1116_HS_015
0,2,1538.0,782.1755526657997,1157.0,433.0,1116_HS_003
0,225,185.0,225.17837837837837,289.0,181.0,1116_HS_009
1,236,135.0,218.61481481481482,271.0,180.0,1116_HS_009
2,241,244.0,218.22540983606558,281.0,170.0,1116_HS_009
3,256,115.0,220.87826086956522,274.0,174.0,1116_HS_009
4,264,179.0,234.1731843575419,304.0,178.0,1116_HS_009
5,279,101.0,229.01980198019803,285.0,181.0,1116_HS_009
6,380,103.0,231.50485436893203,297.0,175.0,1116_HS_009
0,1,1750.0,869.6297142857143,1325.0,436.0,1116_HS_007
0,3,384.0,224.95052083333334,289.0,167.0,1116_HS_016
1,4,209.0,195.08612440191388,239.0,166.0,1116_HS_016
2,5,154.0,211.8181818181818,264.0,167.0,1116_HS_016
3,28,512.0,229.21875,308.0,172.0,1116_HS_016
4,48,264.0,203.18939393939394,278.0,167.0,1116_HS_016
5,59,1288.0,211.68167701863354,286.0,167.0,1116_HS_016
6,89,1574.0,218.67725540025413,355.0,168.0,1116_HS_016
7,96,337.0,216.93768545994067,282.0,171.0,1116_HS_016
8,101,226.0,197.31858407079645,249.0,171.0,1116_HS_016
9,139,184.0,201.89673913043478,256.0,173.0,1116_HS_016
10,173,259.0,204.04247104247105,250.0,169.0,1116_HS_016
11,202,435.0,203.39310344827587,258.0,167.0,1116_HS_016
12,223,1823.0,222.86396050466266,334.0,164.0,1116_HS_016
13,241,292.0,199.75342465753425,250.0,170.0,1116_HS_016
14,250,277.0,215.00361010830323,276.0,167.0,1116_HS_016
15,270,176.0,208.8068181818182,248.0,171.0,1116_HS_016
16,276,205.0,211.5268292682927,256.0,169.0,1116_HS_016
17,281,232.0,207.84913793103448,250.0,170.0,1116_HS_016
18,298,281.0,219.12099644128114,296.0,176.0,1116_HS_016
19,299,642.0,215.18535825545172,316.0,161.0,1116_HS_016
20,303,124.0,206.51612903225808,259.0,174.0,1116_HS_016
21,307,468.0,200.62179487179486,250.0,165.0,1116_HS_016
22,342,506.0,204.0,256.0,169.0,1116_HS_016
23,343,219.0,220.84931506849315,289.0,163.0,1116_HS_016
24,362,103.0,200.03883495145632,240.0,176.0,1116_HS_016
25,363,940.0,217.78404255319148,286.0,170.0,1116_HS_016
26,366,306.0,199.87908496732027,264.0,168.0,1116_HS_016
27,368,295.0,203.22033898305085,274.0,163.0,1116_HS_016
28,386,144.0,191.90972222222223,222.0,163.0,1116_HS_016
29,393,343.0,204.6588921282799,258.0,168.0,1116_HS_016
30,434,974.0,233.10780287474333,330.0,165.0,1116_HS_016
31,510,262.0,207.3320610687023,256.0,166.0,1116_HS_016
32,524,327.0,207.90214067278288,259.0,167.0,1116_HS_016
33,535,484.0,205.849173553719,263.0,173.0,1116_HS_016
34,606,100.0,193.84,234.0,169.0,1116_HS_016
35,660,615.0,209.68617886178862,289.0,167.0,1116_HS_016
36,682,242.0,193.1900826446281,245.0,169.0,1116_HS_016
37,753,310.0,231.46129032258065,327.0,166.0,1116_HS_016
38,763,101.0,192.5049504950495,222.0,174.0,1116_HS_016
39,842,828.0,235.78140096618358,368.0,164.0,1116_HS_016
40,858,252.0,209.0515873015873,274.0,165.0,1116_HS_016
41,868,323.0,205.55417956656348,257.0,167.0,1116_HS_016
42,879,234.0,220.42307692307693,289.0,160.0,1116_HS_016
43,930,387.0,209.8733850129199,256.0,168.0,1116_HS_016
44,957,660.0,217.46212121212122,283.0,173.0,1116_HS_016
45,967,292.0,222.71917808219177,291.0,166.0,1116_HS_016
46,982,120.0,198.03333333333333,249.0,174.0,1116_HS_016
47,1152,317.0,231.7223974763407,317.0,172.0,1116_HS_016
48,1160,206.0,204.70388349514562,264.0,167.0,1116_HS_016
49,1227,2006.0,206.24576271186442,268.0,168.0,1116_HS_016
50,1277,163.0,204.80368098159508,255.0,173.0,1116_HS_016
51,1353,143.0,219.993006993007,317.0,168.0,1116_HS_016
52,1423,145.0,196.42758620689656,230.0,165.0,1116_HS_016
53,1469,236.0,232.3728813559322,353.0,166.0,1116_HS_016
54,1542,558.0,221.24193548387098,299.0,171.0,1116_HS_016
55,1559,658.0,216.2112462006079,303.0,169.0,1116_HS_016
56,1598,264.0,200.35227272727272,250.0,172.0,1116_HS_016
57,1604,685.0,201.85839416058394,253.0,167.0,1116_HS_016
58,1648,147.0,193.42857142857142,219.0,169.0,1116_HS_016
59,1652,518.0,218.74710424710426,277.0,168.0,1116_HS_016
60,1697,1006.0,218.57455268389663,281.0,169.0,1116_HS_016
61,1711,1710.0,211.54736842105262,306.0,169.0,1116_HS_016
62,1715,247.0,202.7246963562753,237.0,171.0,1116_HS_016
63,1729,272.0,216.17279411764707,305.0,168.0,1116_HS_016
64,1778,107.0,203.86915887850466,246.0,168.0,1116_HS_016
65,2051,1200.0,209.67166666666665,293.0,163.0,1116_HS_016
66,2149,194.0,221.11855670103094,281.0,175.0,1116_HS_016
67,2168,330.0,224.9121212121212,297.0,169.0,1116_HS_016
68,2189,570.0,203.96140350877192,256.0,160.0,1116_HS_016
69,2220,391.0,204.08184143222508,264.0,167.0,1116_HS_016
70,2256,517.0,218.8433268858801,280.0,169.0,1116_HS_016
71,2266,180.0,202.0888888888889,245.0,160.0,1116_HS_016
72,2330,408.0,219.5,291.0,169.0,1116_HS_016
73,2388,452.0,230.71017699115043,321.0,167.0,1116_HS_016
74,2406,385.0,218.47792207792207,278.0,175.0,1116_HS_016
75,2440,173.0,212.94219653179192,268.0,166.0,1116_HS_016
76,2468,255.0,202.9294117647059,240.0,167.0,1116_HS_016
77,2490,233.0,212.84549356223175,270.0,171.0,1116_HS_016
78,2532,102.0,193.09803921568627,216.0,171.0,1116_HS_016
79,2581,213.0,212.70422535211267,270.0,176.0,1116_HS_016
80,2594,134.0,200.73880597014926,241.0,168.0,1116_HS_016
81,2609,149.0,209.2281879194631,252.0,174.0,1116_HS_016
82,2623,101.0,197.2970297029703,235.0,167.0,1116_HS_016
83,2630,1080.0,211.53240740740742,324.0,161.0,1116_HS_016
84,2640,416.0,195.07451923076923,226.0,164.0,1116_HS_016
85,2696,596.0,210.3523489932886,286.0,168.0,1116_HS_016
86,2712,470.0,198.4595744680851,245.0,168.0,1116_HS_016
87,2722,265.0,199.9245283018868,239.0,172.0,1116_HS_016
88,2763,284.0,201.76408450704224,245.0,169.0,1116_HS_016
89,2811,132.0,194.28787878787878,230.0,166.0,1116_HS_016
90,2819,749.0,207.93190921228305,278.0,169.0,1116_HS_016
91,2827,974.0,204.6611909650924,284.0,165.0,1116_HS_016
92,2839,236.0,215.08898305084745,289.0,168.0,1116_HS_016
93,2846,115.0,195.97391304347826,227.0,169.0,1116_HS_016
94,2851,123.0,195.8780487804878,227.0,166.0,1116_HS_016
95,2856,209.0,198.69856459330143,262.0,171.0,1116_HS_016
96,2900,224.0,218.27232142857142,284.0,176.0,1116_HS_016
97,2913,382.0,235.2801047120419,331.0,165.0,1116_HS_016
98,2925,130.0,211.6076923076923,266.0,162.0,1116_HS_016
99,2936,247.0,242.01214574898785,399.0,172.0,1116_HS_016
100,2939,361.0,198.6398891966759,239.0,168.0,1116_HS_016
101,2947,141.0,208.7659574468085,245.0,168.0,1116_HS_016
102,2965,291.0,219.6701030927835,288.0,172.0,1116_HS_016
103,2979,130.0,207.94615384615383,261.0,171.0,1116_HS_016
104,2988,343.0,216.07580174927114,293.0,171.0,1116_HS_016
105,3007,203.0,194.64532019704433,229.0,170.0,1116_HS_016
106,3026,324.0,203.62962962962962,248.0,167.0,1116_HS_016
107,3053,274.0,208.79562043795622,276.0,169.0,1116_HS_016
108,3061,266.0,212.4360902255639,269.0,169.0,1116_HS_016
109,3064,103.0,205.0873786407767,252.0,176.0,1116_HS_016
110,3083,467.0,211.89079229122055,269.0,171.0,1116_HS_016
111,3094,254.0,207.8779527559055,264.0,169.0,1116_HS_016
112,3111,452.0,199.6769911504425,239.0,158.0,1116_HS_016
113,3120,697.0,209.23816355810618,298.0,153.0,1116_HS_016
114,3122,615.0,216.20813008130082,279.0,164.0,1116_HS_016
115,3143,261.0,206.33716475095787,254.0,165.0,1116_HS_016
116,3163,418.0,202.1531100478469,249.0,171.0,1116_HS_016
117,3186,117.0,198.1965811965812,236.0,168.0,1116_HS_016
118,3189,464.0,222.1530172413793,297.0,169.0,1116_HS_016
119,3195,125.0,203.304,245.0,168.0,1116_HS_016
120,3219,464.0,215.57543103448276,275.0,160.0,1116_HS_016
121,3267,153.0,195.45098039215685,229.0,173.0,1116_HS_016
122,3277,116.0,200.52586206896552,251.0,173.0,1116_HS_016
123,3289,365.0,223.42465753424656,297.0,171.0,1116_HS_016
124,3310,131.0,207.5114503816794,256.0,174.0,1116_HS_016
125,3316,232.0,216.1206896551724,279.0,173.0,1116_HS_016
126,3320,800.0,211.88625,287.0,169.0,1116_HS_016
127,3325,379.0,202.58047493403694,254.0,168.0,1116_HS_016
128,3327,100.0,211.32,286.0,164.0,1116_HS_016
129,3351,152.0,210.82236842105263,271.0,159.0,1116_HS_016
130,3360,702.0,229.7051282051282,333.0,167.0,1116_HS_016
131,3408,173.0,200.67630057803467,243.0,161.0,1116_HS_016
132,3411,270.0,210.98518518518517,267.0,164.0,1116_HS_016
133,3423,778.0,232.6349614395887,335.0,167.0,1116_HS_016
134,3437,235.0,217.03829787234042,289.0,159.0,1116_HS_016
135,3440,216.0,216.41203703703704,265.0,174.0,1116_HS_016
136,3443,191.0,203.59685863874344,249.0,168.0,1116_HS_016
137,3452,115.0,203.4608695652174,251.0,162.0,1116_HS_016
138,3456,106.0,203.16037735849056,241.0,171.0,1116_HS_016
139,3459,398.0,220.0,288.0,162.0,1116_HS_016
140,3462,128.0,208.1171875,262.0,164.0,1116_HS_016
141,3463,176.0,212.44886363636363,264.0,171.0,1116_HS_016
142,3482,112.0,212.375,266.0,175.0,1116_HS_016
143,3494,298.0,200.81208053691276,249.0,160.0,1116_HS_016
0,1,1730.0,1011.5173410404624,1520.0,539.0,1116_HS_011
0,1,1367.0,819.4016093635698,1190.0,464.0,1116_HS_018
0,51,260.0,257.2423076923077,341.0,192.0,1116_HS_001
1,69,636.0,266.47641509433964,444.0,197.0,1116_HS_001
2,101,461.0,272.65509761388284,394.0,184.0,1116_HS_001
3,113,516.0,242.94573643410854,305.0,194.0,1116_HS_001
4,175,255.0,276.7450980392157,412.0,206.0,1116_HS_001
5,177,470.0,275.6127659574468,380.0,191.0,1116_HS_001
6,180,417.0,279.2517985611511,388.0,201.0,1116_HS_001
7,190,174.0,265.32183908045977,383.0,198.0,1116_HS_001
8,192,170.0,251.05882352941177,315.0,201.0,1116_HS_001
9,233,227.0,276.1806167400881,378.0,194.0,1116_HS_001
10,328,148.0,270.1554054054054,353.0,189.0,1116_HS_001
11,329,404.0,295.10643564356434,406.0,201.0,1116_HS_001
12,331,139.0,242.97122302158274,308.0,190.0,1116_HS_001
13,333,211.0,261.5781990521327,365.0,200.0,1116_HS_001
14,336,208.0,265.4182692307692,380.0,202.0,1116_HS_001
15,340,180.0,261.68888888888887,330.0,203.0,1116_HS_001
16,341,351.0,271.92022792022794,379.0,192.0,1116_HS_001
0,1585,117.0,171.18803418803418,202.0,152.0,1116_HS_008
1,1653,121.0,172.099173553719,200.0,159.0,1116_HS_008
2,1905,235.0,172.48936170212767,196.0,154.0,1116_HS_008
3,3652,167.0,178.34131736526948,221.0,158.0,1116_HS_008
4,4095,110.0,172.61818181818182,191.0,158.0,1116_HS_008
0,1,1498.0,917.4592790387183,1469.0,504.0,1116_HS_019
0,1,2432.0,835.9029605263158,1469.0,439.0,1116_HS_010
0,27,124.0,307.0403225806452,360.0,255.0,1116_HS_017
1,32,114.0,325.93859649122805,389.0,265.0,1116_HS_017
2,40,2240.0,450.39151785714284,769.0,251.0,1116_HS_017
3,41,1560.0,453.72371794871793,775.0,261.0,1116_HS_017
0,1,2422.0,695.8294797687861,1109.0,375.0,1219_HS_019
0,1,2540.0,957.8972440944882,1699.0,502.0,1219_HS_017
0,3,2955.0,722.5749576988155,1291.0,373.0,1219_HS_010
0,1,1975.0,677.5797468354431,1076.0,352.0,1219_HS_001
0,1,2095.0,766.8763723150358,1197.0,411.0,1219_HS_006
0,1,945.0,732.221164021164,1042.0,408.0,1219_HS_008
1,2,1059.0,707.957507082153,1078.0,379.0,1219_HS_008
0,1,1574.0,640.87166454892,988.0,364.0,1219_HS_011
1,2,884.0,771.1685520361991,1209.0,389.0,1219_HS_011
0,4,2582.0,557.2784663051898,863.0,342.0,1219_HS_016
1,9,1892.0,697.6331923890064,1233.0,349.0,1219_HS_016
0,4643,200.0,163.11,210.0,144.0,1219_HS_018
1,6424,132.0,162.31060606060606,183.0,147.0,1219_HS_018
2,6521,136.0,162.36764705882354,212.0,142.0,1219_HS_018
3,6733,173.0,162.52601156069363,187.0,147.0,1219_HS_018
4,8682,192.0,167.140625,208.0,146.0,1219_HS_018
5,8821,214.0,162.71495327102804,188.0,146.0,1219_HS_018
6,8942,100.0,161.23,180.0,146.0,1219_HS_018
7,9134,144.0,161.99305555555554,184.0,143.0,1219_HS_018
8,13537,122.0,162.672131147541,189.0,143.0,1219_HS_018
9,16757,191.0,168.72774869109946,210.0,147.0,1219_HS_018
10,17784,118.0,162.3050847457627,190.0,148.0,1219_HS_018
11,18127,138.0,162.65217391304347,182.0,149.0,1219_HS_018
12,18716,246.0,167.6788617886179,231.0,142.0,1219_HS_018
13,19433,308.0,163.0681818181818,200.0,142.0,1219_HS_018
14,19529,111.0,162.40540540540542,184.0,147.0,1219_HS_018
15,19747,147.0,162.49659863945578,179.0,144.0,1219_HS_018
16,23598,178.0,162.52247191011236,183.0,146.0,1219_HS_018
17,28621,162.0,163.09876543209876,205.0,148.0,1219_HS_018
18,29752,213.0,162.4037558685446,179.0,142.0,1219_HS_018
19,30039,178.0,161.40449438202248,178.0,146.0,1219_HS_018
20,31224,221.0,162.7737556561086,210.0,146.0,1219_HS_018
0,1,2989.0,732.7514218802276,1216.0,396.0,1219_HS_009
0,1,2519.0,712.6038110361254,1179.0,401.0,1219_HS_007
0,1,1409.0,655.6018452803406,1018.0,347.0,1219_HS_003
1,3,1913.0,610.8619968635651,987.0,330.0,1219_HS_003
0,1,1366.0,596.9253294289897,913.0,352.0,1219_HS_004
1,7,1308.0,702.2882262996942,1188.0,358.0,1219_HS_004
0,1,2956.0,824.0882949932341,1447.0,423.0,1219_HS_015
1,4,1960.0,768.1923469387755,1226.0,421.0,1219_HS_015
0,1,1702.0,825.2508813160987,1301.0,442.0,1219_HS_020
0,2,1378.0,550.1262699564586,879.0,294.0,1219_HS_005
1,4,834.0,440.6091127098321,596.0,285.0,1219_HS_005
0,1,1200.0,627.1558333333334,956.0,324.0,1219_HS_002
1,6,1898.0,647.9309799789252,1099.0,344.0,1219_HS_002
0,1,1134.0,597.1093474426808,906.0,351.0,1219_HS_014
1,4,1528.0,667.4312827225131,1035.0,343.0,1219_HS_014
0,1,1018.0,625.1787819253439,887.0,378.0,1116_nHS_011
1,2,1127.0,756.1419698314108,1124.0,364.0,1116_nHS_011
0,1,1291.0,840.6204492641364,1289.0,434.0,1116_nHS_009
0,2,1207.0,626.009942004971,906.0,356.0,1116_nHS_007
0,1,1048.0,866.0982824427481,1310.0,456.0,1116_nHS_010
0,1,2175.0,622.6505747126437,981.0,338.0,1116_nHS_006
0,1,2135.0,516.1007025761124,768.0,294.0,1116_nHS_001
0,10,1139.0,262.65057067603163,457.0,179.0,1116_nHS_008
1,12,507.0,310.1163708086785,481.0,185.0,1116_nHS_008
2,13,194.0,236.27319587628867,309.0,186.0,1116_nHS_008
3,46,270.0,231.71481481481482,284.0,183.0,1116_nHS_008
4,253,468.0,287.1794871794872,417.0,184.0,1116_nHS_008
5,272,166.0,234.48192771084337,295.0,185.0,1116_nHS_008
6,421,319.0,233.80877742946709,332.0,185.0,1116_nHS_008
7,453,2874.0,265.5591510090466,448.0,184.0,1116_nHS_008
8,465,110.0,226.26363636363635,280.0,191.0,1116_nHS_008
9,484,114.0,226.69298245614036,273.0,188.0,1116_nHS_008
10,507,101.0,236.44554455445544,301.0,190.0,1116_nHS_008
11,512,153.0,229.4967320261438,274.0,183.0,1116_nHS_008
12,516,1269.0,251.01970055161544,403.0,181.0,1116_nHS_008
13,518,382.0,257.5052356020942,372.0,186.0,1116_nHS_008
14,529,219.0,282.42922374429224,395.0,189.0,1116_nHS_008
15,531,122.0,250.65573770491804,361.0,177.0,1116_nHS_008
16,535,164.0,235.1829268292683,304.0,183.0,1116_nHS_008
17,546,179.0,259.6815642458101,358.0,194.0,1116_nHS_008
18,547,198.0,235.7171717171717,321.0,185.0,1116_nHS_008
19,551,400.0,267.1575,394.0,193.0,1116_nHS_008
20,553,157.0,235.42675159235668,297.0,190.0,1116_nHS_008
21,569,155.0,243.34193548387097,313.0,190.0,1116_nHS_008
22,573,198.0,263.1666666666667,358.0,182.0,1116_nHS_008
23,582,180.0,271.45,400.0,184.0,1116_nHS_008
24,590,224.0,280.76339285714283,407.0,185.0,1116_nHS_008
25,592,772.0,265.2642487046632,400.0,185.0,1116_nHS_008
26,597,517.0,273.705996131528,400.0,185.0,1116_nHS_008
27,600,240.0,287.12916666666666,430.0,187.0,1116_nHS_008
28,605,260.0,260.62307692307695,371.0,167.0,1116_nHS_008
29,608,253.0,271.3636363636364,397.0,184.0,1116_nHS_008
30,613,409.0,257.43031784841077,399.0,193.0,1116_nHS_008
31,617,149.0,223.36241610738256,283.0,179.0,1116_nHS_008
32,622,247.0,280.3400809716599,405.0,199.0,1116_nHS_008
33,627,183.0,253.86885245901638,369.0,186.0,1116_nHS_008
34,628,249.0,257.5020080321285,365.0,188.0,1116_nHS_008
35,630,122.0,229.12295081967213,286.0,192.0,1116_nHS_008
36,631,282.0,264.9609929078014,373.0,178.0,1116_nHS_008
37,637,208.0,230.13942307692307,280.0,185.0,1116_nHS_008
38,641,187.0,258.3529411764706,343.0,180.0,1116_nHS_008
39,650,145.0,253.57241379310344,342.0,161.0,1116_nHS_008
40,651,105.0,232.37142857142857,283.0,192.0,1116_nHS_008
41,655,2517.0,359.75605880015894,841.0,181.0,1116_nHS_008
0,2,1920.0,674.1046875,1078.0,393.0,1116_nHS_002
0,1,1701.0,654.3227513227513,998.0,346.0,1116_nHS_005
0,1,972.0,598.9650205761317,898.0,301.0,1116_nHS_014
1,2,969.0,567.7936016511868,830.0,339.0,1116_nHS_014
0,1,1514.0,920.0,1475.0,445.0,1116_nHS_013
0,1,1351.0,684.6358253145818,1002.0,361.0,1116_nHS_004
0,2,1127.0,474.6965394853594,680.0,315.0,1116_nHS_003
1,3,1017.0,626.9852507374632,1005.0,320.0,1116_nHS_003
0,1,1696.0,734.0795990566038,1136.0,402.0,1116_nHS_012
